,gp,gp_q,pi_yoy,gw,gw_q,gp_core,grpe,grpf,slack,dmw,minwage,transfer_share,h,h_disc,cov_automatic,cov_public,lambda,wedge,scheme,populist,election,pistar,catchup,catchup_bb,real_wage,pigap,lvl_wage,lvl_price,lvl_minwage,lvl_benefit,lvl_handout,country
1960-01-01,1.1753884546144011,-1.4384633210337228,1.1753884546144011,,,,,,,0.0,,,,,0.96,0.18,1.0,0.0,0.0,0.0,0.0,0.47549591192366236,,,,0.6998925426907388,,13.29762927519626,,100.0,100.0,BE
1960-04-01,0.5385661683503074,-1.006301052974834,0.5385661683503074,,,,,,,0.0,,,,,0.96,0.18,1.0,0.0,0.0,0.0,0.0,0.48810996320899136,,,,0.05045620514131599,,13.264217774499237,,100.0,100.0,BE
1960-07-01,-0.2974578804323613,-0.6317628169206557,-0.2974578804323613,,,,,,,0.0,,,,,0.96,0.18,1.0,0.0,0.0,0.0,0.0,0.3309963944807208,,,,-0.6284542749130821,,13.24328471080119,,100.0,100.0,BE
1960-10-01,-0.21440563752843644,2.2189046408154667,-0.21440563752843644,,,,,,,0.0,,,,,0.96,0.18,1.0,0.0,0.0,0.0,0.0,0.22191598807888935,,,,-0.4363216256073258,,13.316952814774353,,100.0,100.0,BE
1961-01-01,0.3354921338088346,0.7611277643153613,0.3354921338088346,,,,,,,0.0,,,,,0.96,0.18,1.0,0.0,0.0,0.0,0.0,0.2446312172248784,,-0.14000377811482778,,0.09086091658395617,,13.342316694871592,,100.0,100.0,BE
1961-04-01,0.8852930108543156,1.19290245520709,0.8852930108543156,,,,,,,0.0,,,,,0.96,0.18,1.0,0.0,0.0,0.0,0.0,0.3727635759507658,,0.3971830476453242,,0.5125294349035497,,13.382166292048437,,100.0,100.0,BE
1961-07-01,1.6938400217515692,2.602425226668359,1.6938400217515692,,,,,,,0.0,,,,,0.96,0.18,1.0,0.0,0.0,0.0,0.0,0.6369788651109265,,1.3628436272708484,,1.0568611566406427,,13.469515351041231,,100.0,100.0,BE
1961-10-01,1.0344676787120477,-0.4185847313426194,1.0344676787120477,,,,,,,0.0,,,,,0.96,0.18,1.0,0.0,0.0,0.0,0.0,0.7164766278311507,,0.8125516906331584,,0.31799105088089696,,13.455427389922303,,100.0,100.0,BE
1962-01-01,0.9667543903842724,0.49027461100425995,0.9667543903842724,,,,,,,0.0,,,,,0.96,0.18,1.0,0.0,0.0,0.0,0.0,0.7665321803417751,,0.722123173159394,,0.2002222100424973,,13.471929637221166,,100.0,100.0,BE
1962-04-01,2.275092157158376,6.426253522303504,2.275092157158376,,,,,,,0.0,,,,,0.96,0.18,1.0,0.0,0.0,0.0,0.0,1.0682441757050953,,1.9023285812076103,,1.2068479814532806,,13.690112656861425,,100.0,100.0,BE
1962-07-01,1.102650163651342,-2.087342747359777,1.102650163651342,,,,,,,0.0,,,,,0.96,0.18,1.0,0.0,0.0,0.0,0.0,1.0751253732943447,,0.46567129854041545,,0.027524790356997286,,13.618858839068196,,100.0,100.0,BE
1962-10-01,1.2309302492945928,0.09453561123038412,1.2309302492945928,,,,,,,0.0,,,,,0.96,0.18,1.0,0.0,0.0,0.0,0.0,1.1062863484943943,,0.5144536214634421,,0.12464390080019849,,13.622077887308109,,100.0,100.0,BE
1963-01-01,2.283461028887812,4.700397729377137,2.283461028887812,,,,,,,0.0,,,,,0.96,0.18,1.0,0.0,0.0,0.0,0.0,1.341721284573078,,1.516928848546037,,0.9417397443147342,,13.783095050274067,,100.0,100.0,BE
1963-04-01,0.7907892865030242,0.45556655276435265,0.7907892865030242,,,,,,,0.0,,,,,0.96,0.18,1.0,0.0,0.0,0.0,0.0,1.2315348849590673,,-0.2774548892020712,,-0.4407455984560431,,13.79880178565157,,100.0,100.0,BE
1963-07-01,2.018961195891089,2.8253448901924827,2.018961195891089,,,,,,,0.0,,,,,0.96,0.18,1.0,0.0,0.0,0.0,0.0,1.3890201471454717,,0.9438358225967445,,0.6299410487456174,,13.896612751424074,,100.0,100.0,BE
1963-10-01,3.39904812769376,5.614883338441068,3.39904812769376,,,,,,,0.0,,,,,0.96,0.18,1.0,0.0,0.0,0.0,0.0,1.7910257432551293,,2.292761779199366,,1.6080223844386308,,14.093057945306308,,100.0,100.0,BE
1964-01-01,3.2469538087298577,4.092020453521528,3.2469538087298577,,,,,,,0.0,,,,,0.96,0.18,1.0,0.0,0.0,0.0,0.0,2.082211356350075,,1.9052325241567798,,1.164742452379783,,14.237970616934087,,100.0,100.0,BE
1964-04-01,3.94684571311279,3.255134170296081,3.94684571311279,,,,,,,0.0,,,,,0.96,0.18,1.0,0.0,0.0,0.0,0.0,2.455138227702618,,2.7153108281537226,,1.491707485410172,,14.354309610363327,,100.0,100.0,BE
1964-07-01,4.91459328984134,6.696335197106684,4.91459328984134,,,,,,,0.0,,,,,0.96,0.18,1.0,0.0,0.0,0.0,0.0,2.9470292401303624,,3.5255731426958685,,1.9675640497109779,,14.59663549180293,,100.0,100.0,BE
1964-10-01,4.211647233067373,2.8030991113451975,4.211647233067373,,,,,,,0.0,,,,,0.96,0.18,1.0,0.0,0.0,0.0,0.0,3.1999528387177643,,2.4206214898122433,,1.0116943943496084,,14.699284280073925,,100.0,100.0,BE
1965-01-01,4.023178011726625,3.338143568158536,4.023178011726625,,,,,,,0.0,,,,,0.96,0.18,1.0,0.0,0.0,0.0,0.0,3.3645978733195365,,1.9409666553765499,,0.6585801384070882,,14.822468376082291,,100.0,100.0,BE
1965-04-01,4.375740208454149,4.665382957206177,4.375740208454149,,,,,,,0.0,,,,,0.96,0.18,1.0,0.0,0.0,0.0,0.0,3.566826340346459,,1.9206019807515307,,0.8089138681076897,,14.9963617320079,,100.0,100.0,BE
1965-07-01,3.7032215244790834,4.006260461206423,3.7032215244790834,,,,,,,0.0,,,,,0.96,0.18,1.0,0.0,0.0,0.0,0.0,3.594105377172984,,0.756192284348721,,0.10911614730609953,,15.147314744154821,,100.0,100.0,BE
1965-10-01,3.8440135193978264,3.3662670910201697,3.8440135193978264,,,,,,,0.0,,,,,0.96,0.18,1.0,0.0,0.0,0.0,0.0,3.644087005617952,,0.6440606806800622,,0.19992651377987425,,15.275327412523056,,100.0,100.0,BE
1966-01-01,4.295079874060814,5.142408986810487,4.295079874060814,,,,,,,0.0,,,,,0.96,0.18,1.0,0.0,0.0,0.0,0.0,3.7742855793065244,,0.9304820007412777,,0.5207942947542898,,15.472975124425947,,100.0,100.0,BE
1966-04-01,4.9819908654474165,7.413026922752586,4.9819908654474165,,,,,,,0.0,,,,,0.96,0.18,1.0,0.0,0.0,0.0,0.0,4.015826636534703,,1.4151645251009577,,0.9661642289127137,,15.762402711720817,,100.0,100.0,BE
1966-07-01,3.6222772026178074,-1.4325941901120132,3.6222772026178074,,,,,,,0.0,,,,,0.96,0.18,1.0,0.0,0.0,0.0,0.0,3.9371167497513238,,0.02817182544482355,,-0.31483954713351636,,15.706050867245114,,100.0,100.0,BE
1966-10-01,3.470347692024589,2.7585490486472963,3.470347692024589,,,,,,,0.0,,,,,0.96,0.18,1.0,0.0,0.0,0.0,0.0,3.843762938205977,,-0.17373931359336314,,-0.37341524618138777,,15.814739996035254,,100.0,100.0,BE
1967-01-01,2.7951583826460347,2.4416517492962697,2.7951583826460347,,,,,,,0.0,,,,,0.96,0.18,1.0,0.0,0.0,0.0,0.0,3.6340420270939884,,-0.9791271966604898,,-0.8388836444479537,,15.911570447113993,,100.0,100.0,BE
1967-04-01,1.8108907486788617,3.475956386883894,1.8108907486788617,,,,,,,0.0,,,,,0.96,0.18,1.0,0.0,0.0,0.0,0.0,3.269411771410963,,-2.204935887855841,,-1.4585210227321013,,16.050442778222624,,100.0,100.0,BE
1967-07-01,2.9531481272782933,3.1364353242857135,2.9531481272782933,,,,,,,0.0,,,,,0.96,0.18,1.0,0.0,0.0,0.0,0.0,3.206159042584429,,-0.9839686224730304,,-0.2530109153061355,,16.176790421639183,,100.0,100.0,BE
1967-10-01,3.2110232899498214,3.7900496993334087,3.2110232899498214,,,,,,,0.0,,,,,0.96,0.18,1.0,0.0,0.0,0.0,0.0,3.2071318920575074,,-0.6327396482561554,,0.0038913978923140746,,16.330795979530848,,100.0,100.0,BE
1968-01-01,3.0535145917854223,1.811616956638673,3.0535145917854223,,,,,,,0.0,,,,,0.96,0.18,1.0,0.0,0.0,0.0,0.0,3.1764084320030905,,-0.5805274353085661,,-0.12289384021766825,,16.404926590435032,,100.0,100.0,BE
1968-04-01,2.667097699976484,1.9302888196481405,2.667097699976484,,,,,,,0.0,,,,,0.96,0.18,1.0,0.0,0.0,0.0,0.0,3.074546285597769,,-0.602314071434479,,-0.4074485856212853,,16.484283529659766,,100.0,100.0,BE
1968-07-01,2.5427390410031503,2.639000688392379,2.5427390410031503,,,,,,,0.0,,,,,0.96,0.18,1.0,0.0,0.0,0.0,0.0,2.9681848366788453,,-0.6634200015812786,,-0.42544579567569496,,16.59339816482645,,100.0,100.0,BE
1968-10-01,2.4067625115554048,3.2461435815424267,2.4067625115554048,,,,,,,0.0,,,,,0.96,0.18,1.0,0.0,0.0,0.0,0.0,2.8559003716541573,,-0.8003693805021026,,-0.44913786009875256,,16.728607441041387,,100.0,100.0,BE
1969-01-01,3.098858587315023,4.580001259677147,3.098858587315023,,,,,,,0.0,,,,,0.96,0.18,1.0,0.0,0.0,0.0,0.0,2.9044920147863307,,-0.07754984468806736,,0.1943665725286925,,16.92125082795062,,100.0,100.0,BE
1969-04-01,3.672030418479233,4.22297614430498,3.672030418479233,,,,,,,0.0,,,,,0.96,0.18,1.0,0.0,0.0,0.0,0.0,3.057999695524911,,0.5974841328814637,,0.6140307229543218,,17.100842269266415,,100.0,100.0,BE
1969-07-01,3.8483330512402603,3.344211219436488,3.8483330512402603,,,,,,,0.0,,,,,0.96,0.18,1.0,0.0,0.0,0.0,0.0,3.216066366667981,,0.880148214561415,,0.6322666845722793,,17.244413670794227,,100.0,100.0,BE
1969-10-01,4.108792969169306,4.287983253258609,4.108792969169306,,,,,,,0.0,,,,,0.96,0.18,1.0,0.0,0.0,0.0,0.0,3.394611687168246,,1.2528925975151486,,0.7141812820010598,,17.43026745595606,,100.0,100.0,BE
1970-01-01,4.193251489340266,4.917835340360988,4.193251489340266,,,,,,,0.0,,,,,0.96,0.18,1.0,0.0,0.0,0.0,0.0,3.5543396476026503,,1.2887594745539355,,0.6389118417376158,,17.64588818719846,,100.0,100.0,BE
1970-04-01,4.021130737263734,3.5344931359988507,4.021130737263734,,,,,,,0.0,,,,,0.96,0.18,1.0,0.0,0.0,0.0,0.0,3.647697865534867,,0.9631310417388228,,0.3734328717288671,,17.802502284181088,,100.0,100.0,BE
1970-07-01,3.863135102938209,2.7122286821343877,3.863135102938209,,,,,,,0.0,,,,,0.96,0.18,1.0,0.0,0.0,0.0,0.0,3.6907853130155353,,0.6470687362702279,,0.17234978992267358,,17.9236235992771,,100.0,100.0,BE
1970-10-01,3.2705678602829913,1.9177142826377391,3.2705678602829913,,,,,,,0.0,,,,,0.96,0.18,1.0,0.0,0.0,0.0,0.0,3.6067418224690266,,-0.12404382688525484,,-0.33617396218603535,,18.009760890110613,,100.0,100.0,BE
1971-01-01,3.4315207032040718,5.5616467120453095,3.4315207032040718,,,,,,,0.0,,,,,0.96,0.18,1.0,0.0,0.0,0.0,0.0,3.5716975986160358,,-0.12281894439857854,,-0.140176895411964,,18.26191966890374,,100.0,100.0,BE
1971-04-01,3.840269181632028,5.169487049710675,3.840269181632028,,,,,,,0.0,,,,,0.96,0.18,1.0,0.0,0.0,0.0,0.0,3.6254119152192343,,0.19257131609716094,,0.21485726641279346,,18.49946322867658,,100.0,100.0,BE
1971-07-01,4.47708774372142,5.259502930491955,4.47708774372142,,,,,,,0.0,,,,,0.96,0.18,1.0,0.0,0.0,0.0,0.0,3.7957470809196714,,0.7863024307058843,,0.6813406628017482,,18.744314397959563,,100.0,100.0,BE
1971-10-01,5.229442536688156,4.927133454504684,5.229442536688156,,,,,,,0.0,,,,,0.96,0.18,1.0,0.0,0.0,0.0,0.0,4.082486172073368,,1.6227007142191292,,1.1469563646147876,,18.976631629411855,,100.0,100.0,BE
1972-01-01,5.1054134827851705,5.065530496433368,5.1054134827851705,,,,,,,0.0,,,,,0.96,0.18,1.0,0.0,0.0,0.0,0.0,4.287071634215729,,1.5337158841691347,,0.8183418485694416,,19.218476503643192,,100.0,100.0,BE
1972-04-01,4.866796085010261,4.215017458611037,4.866796085010261,,,,,,,0.0,,,,,0.96,0.18,1.0,0.0,0.0,0.0,0.0,4.403016524374635,,1.2413841697910266,,0.46377956063562564,,19.422062804540403,,100.0,100.0,BE
1972-07-01,5.3320421422945685,7.120487159629185,5.3320421422945685,,,,,,,0.0,,,,,0.96,0.18,1.0,0.0,0.0,0.0,0.0,4.588821647958622,,1.5362950613748971,,0.7432204943359464,,19.770894782055727,,100.0,100.0,BE
1972-10-01,5.895486292733043,7.180910056258583,5.895486292733043,,,,,,,0.0,,,,,0.96,0.18,1.0,0.0,0.0,0.0,0.0,4.850154576913506,,1.8130001206596749,,1.045331715819537,,20.129032399023206,,100.0,100.0,BE
1973-01-01,6.677032254801674,8.19171434470789,6.677032254801674,,,,,,,0.0,,,,,0.96,0.18,1.0,0.0,0.0,0.0,0.0,5.215530112491139,,2.3899606205859447,,1.4615021423105343,,20.54551064026979,,100.0,100.0,BE
1973-04-01,6.958698420843534,5.341682122778479,6.958698420843534,,,,,,,0.0,,,,,0.96,0.18,1.0,0.0,0.0,0.0,0.0,5.564163774161618,,2.555681896468899,,1.3945346466819162,,20.82171977947606,,100.0,100.0,BE
1973-07-01,6.54347562343891,5.459595970010689,6.54347562343891,,,,,,,0.0,,,,,0.96,0.18,1.0,0.0,0.0,0.0,0.0,5.760026144017076,,1.954653975480288,,0.7834494794218338,,21.10786356756067,,100.0,100.0,BE
1973-10-01,6.719447621272323,7.884798047592234,6.719447621272323,,,,,,,0.0,,,,,0.96,0.18,1.0,0.0,0.0,0.0,0.0,5.951910439468126,,1.869293044358817,,0.7675371818041974,,21.528069614671292,,100.0,100.0,BE
1974-01-01,8.103468843380979,13.727799233142512,8.103468843380979,,,,,,,0.0,,,,,0.96,0.18,1.0,0.0,0.0,0.0,0.0,6.382222120250696,,2.8879387308898394,,1.7212467231302826,,22.279726628829426,,100.0,100.0,BE
1974-04-01,10.888677917138345,16.482518417807945,10.888677917138345,,,,,,,0.0,,,,,0.96,0.18,1.0,0.0,0.0,0.0,0.0,7.283513279628226,,5.324514142976727,,3.6051646375101196,,23.216969174129403,,100.0,100.0,BE
1974-07-01,13.6610266609686,16.54899094533171,13.6610266609686,,,,,,,0.0,,,,,0.96,0.18,1.0,0.0,0.0,0.0,0.0,8.559015955896301,,7.901000516951524,,5.102010705072299,,24.197659620529578,,100.0,100.0,BE
1974-10-01,14.786206814676284,12.385518662422967,14.786206814676284,,,,,,,0.0,,,,,0.96,0.18,1.0,0.0,0.0,0.0,0.0,9.804454127652297,,8.834296375208158,,4.981752687023986,,24.958631524278495,,100.0,100.0,BE
1975-01-01,14.210282982366085,11.424103903901717,14.210282982366085,,,,,,,0.0,,,,,0.96,0.18,1.0,0.0,0.0,0.0,0.0,10.685619898595055,,7.828060862115389,,3.5246630837710295,,25.681733360515345,,100.0,100.0,BE
1975-04-01,12.685231148161646,10.382311080990192,12.685231148161646,,,,,,,0.0,,,,,0.96,0.18,1.0,0.0,0.0,0.0,0.0,11.085542148508374,,5.401717868533421,,1.5996889996532726,,26.357048980639007,,100.0,100.0,BE
1975-07-01,10.813476445553372,9.06197213489861,10.813476445553372,,,,,,,0.0,,,,,0.96,0.18,1.0,0.0,0.0,0.0,0.0,11.031129007917373,,2.2544604896570704,,-0.21765256236400177,,26.96098128102876,,100.0,100.0,BE
1975-10-01,10.560902175982623,11.375221584139972,10.560902175982623,,,,,,,0.0,,,,,0.96,0.18,1.0,0.0,0.0,0.0,0.0,10.937083641530423,,0.7564480483303253,,-0.3761814655478002,,27.738705185819295,,100.0,100.0,BE
1976-01-01,9.690968670895383,7.94436988355276,9.690968670895383,,,,,,,0.0,,,,,0.96,0.18,1.0,0.0,0.0,0.0,0.0,10.687860647403415,,-0.9946512276996717,,-0.9968919765080315,,28.295128774254476,,100.0,100.0,BE
1976-04-01,9.054698664507965,7.837231055440519,9.054698664507965,,,,,,,0.0,,,,,0.96,0.18,1.0,0.0,0.0,0.0,0.0,10.361228250824325,,-2.0308434840004086,,-1.3065295863163602,,28.854984164117838,,100.0,100.0,BE
1976-07-01,8.629977658064591,7.3630881091251155,8.629977658064591,,,,,,,0.0,,,,,0.96,0.18,1.0,0.0,0.0,0.0,0.0,10.014978132272379,,-2.401151349852782,,-1.3850004742077875,,29.39105744758806,,100.0,100.0,BE
1976-10-01,7.426004858017166,6.559330383950268,7.426004858017166,,,,,,,0.0,,,,,0.96,0.18,1.0,0.0,0.0,0.0,0.0,9.497183477421336,,-3.5110787835132573,,-2.0711786194041704,,29.876994979735507,,100.0,100.0,BE
1977-01-01,7.42196778820956,7.928221604322339,7.42196778820956,,,,,,,0.0,,,,,0.96,0.18,1.0,0.0,0.0,0.0,0.0,9.08214033957898,,-3.2658928591938547,,-1.6601725513694205,,30.475081192517138,,100.0,100.0,BE
1977-04-01,7.069326337147874,6.426665251193775,7.069326337147874,,,,,,,0.0,,,,,0.96,0.18,1.0,0.0,0.0,0.0,0.0,8.67957753909276,,-3.291901913676451,,-1.6102512019448856,,30.96866858930369,,100.0,100.0,BE
1977-07-01,6.723368357332982,5.979256189865545,6.723368357332982,,,,,,,0.0,,,,,0.96,0.18,1.0,0.0,0.0,0.0,0.0,8.288335702740804,,-3.2916097749393973,,-1.5649673454078226,,31.435069828684778,,100.0,100.0,BE
1977-10-01,6.238933755988185,4.621591978571082,6.238933755988185,,,,,,,0.0,,,,,0.96,0.18,1.0,0.0,0.0,0.0,0.0,7.878455313390281,,-3.2582497214331507,,-1.6395215574020954,,31.80037630308309,,100.0,100.0,BE
1978-01-01,5.4888495023330375,4.927884589701748,5.4888495023330375,,,,,,,0.0,,,,,0.96,0.18,1.0,0.0,0.0,0.0,0.0,7.400534151178832,,-3.5932908372459433,,-1.9116846488457941,,32.194570960393044,,100.0,100.0,BE
1978-04-01,4.353396301436208,1.8848524476064554,4.353396301436208,,,,,,,0.0,,,,,0.96,0.18,1.0,0.0,0.0,0.0,0.0,6.791106581230307,,-4.326181237656552,,-2.437710279794099,,32.346633989174414,,100.0,100.0,BE
1978-07-01,3.90627047470411,4.190752882937154,3.90627047470411,,,,,,,0.0,,,,,0.96,0.18,1.0,0.0,0.0,0.0,0.0,6.214139359925067,,-4.382065228036694,,-2.307868885220957,,32.68730734442651,,100.0,100.0,BE
1978-10-01,3.7773908062978645,4.106073304946101,3.7773908062978645,,,,,,,0.0,,,,,0.96,0.18,1.0,0.0,0.0,0.0,0.0,5.726789649199627,,-4.101064507092416,,-1.9493988429017621,,33.02457664866628,,100.0,100.0,BE
1979-01-01,3.770127300642878,4.898830567081802,3.770127300642878,,,,,,,0.0,,,,,0.96,0.18,1.0,0.0,0.0,0.0,0.0,5.335457179488277,,-3.6304068505359535,,-1.5653298788453984,,33.4315179969952,,100.0,100.0,BE
1979-04-01,4.0407264739179105,2.967249140706585,4.0407264739179105,,,,,,,0.0,,,,,0.96,0.18,1.0,0.0,0.0,0.0,0.0,5.076511038374203,,-2.750380107312396,,-1.0357845644562929,,33.68043922727117,,100.0,100.0,BE
1979-07-01,4.639118316211377,6.58432025211102,4.639118316211377,,,,,,,0.0,,,,,0.96,0.18,1.0,0.0,0.0,0.0,0.0,4.989032493941638,,-1.57502104371369,,-0.3499141777302608,,34.23943435424283,,100.0,100.0,BE
1979-10-01,5.0145576108094225,5.607830483338283,5.0145576108094225,,,,,,,0.0,,,,,0.96,0.18,1.0,0.0,0.0,0.0,0.0,4.9941375173151945,,-0.7122320383902041,,0.02042009349422802,,34.72283734840829,,100.0,100.0,BE
1980-01-01,6.128734939051839,9.355539880051467,6.128734939051839,,,,,,,0.0,,,,,0.96,0.18,1.0,0.0,0.0,0.0,0.0,5.2210570016625235,,0.7932777595635621,,0.9076779373893151,,35.54453641220038,,100.0,100.0,BE
1980-04-01,6.160016682293978,3.0923761136751438,6.160016682293978,,,,,,,0.0,,,,,0.96,0.18,1.0,0.0,0.0,0.0,0.0,5.4088489377888145,,1.083505643919775,,0.7511677445051639,,35.82039404613907,,100.0,100.0,BE
1980-07-01,6.316761547010197,7.211299710975894,6.316761547010197,,,,,,,0.0,,,,,0.96,0.18,1.0,0.0,0.0,0.0,0.0,5.590431459633091,,1.327729053068559,,0.7263300873771055,,36.47202931139441,,100.0,100.0,BE
1980-10-01,7.117751488512969,8.811790249349372,7.117751488512969,,,,,,,0.0,,,,,0.96,0.18,1.0,0.0,0.0,0.0,0.0,5.895895465409067,,2.1236139711977744,,1.2218560231039017,,37.2844042354571,,100.0,100.0,BE
1981-01-01,6.974237898193758,8.781485518774623,6.974237898193758,,,,,,,0.0,,,,,0.96,0.18,1.0,0.0,0.0,0.0,0.0,6.111563951966005,,1.7531808965312345,,0.8626739462277531,,38.11198638741179,,100.0,100.0,BE
1981-04-01,7.001518968734022,3.2015003958361987,7.001518968734022,,,,,,,0.0,,,,,0.96,0.18,1.0,0.0,0.0,0.0,0.0,6.289554955319608,,1.5926700309452073,,0.7119640134144136,,38.418249226995854,,100.0,100.0,BE
1981-07-01,7.78276703893912,10.336291991796287,7.78276703893912,,,,,,,0.0,,,,,0.96,0.18,1.0,0.0,0.0,0.0,0.0,6.588197372043511,,2.192335579306029,,1.1945696668956094,,39.42394279808708,,100.0,100.0,BE
1981-10-01,7.619489150291292,8.15867869475806,7.619489150291292,,,,,,,0.0,,,,,0.96,0.18,1.0,0.0,0.0,0.0,0.0,6.794455727693067,,1.7235936848822249,,0.8250334225982252,,40.236317722149764,,100.0,100.0,BE
1982-01-01,7.343594401822839,7.677906524900813,7.343594401822839,,,,,,,0.0,,,,,0.96,0.18,1.0,0.0,0.0,0.0,0.0,6.904283462519022,,1.2320304498568344,,0.4393109393038177,,41.01610440785265,,100.0,100.0,BE
1982-04-01,8.851807222693786,9.234351679319985,8.851807222693786,,,,,,,0.0,,,,,0.96,0.18,1.0,0.0,0.0,0.0,0.0,7.293788214553975,,2.562252267374178,,1.5580190081398113,,41.974011762830685,,100.0,100.0,BE
1982-07-01,8.696081240553477,9.713388063235051,8.696081240553477,,,,,,,0.0,,,,,0.96,0.18,1.0,0.0,0.0,0.0,0.0,7.574246819753875,,2.1078838685099663,,1.121834420799602,,43.005762974415674,,100.0,100.0,BE
1982-10-01,8.542643067096467,7.544926000930019,8.542643067096467,,,,,,,0.0,,,,,0.96,0.18,1.0,0.0,0.0,0.0,0.0,7.767926069222393,,1.7481873394034002,,0.7747169978740738,,43.82464999606716,,100.0,100.0,BE
1983-01-01,8.323542225989922,6.801503160474631,8.323542225989922,,,,,,,0.0,,,,,0.96,0.18,1.0,0.0,0.0,0.0,0.0,7.879049300575899,,1.4192587634709,,0.4444929254140231,,44.57620525870047,,100.0,100.0,BE
1983-04-01,7.326840557131753,5.247545003887311,7.326840557131753,,,,,,,0.0,,,,,0.96,0.18,1.0,0.0,0.0,0.0,0.0,7.76860755188707,,0.033052342577778226,,-0.44176699475531667,,45.16484707995063,,100.0,100.0,BE
1983-07-01,7.312264813150371,9.655085087309523,7.312264813150371,,,,,,,0.0,,,,,0.96,0.18,1.0,0.0,0.0,0.0,0.0,7.67733900413973,,-0.2619820066035041,,-0.36507419098935934,,46.26828686584402,,100.0,100.0,BE
1983-10-01,6.616049068365326,4.76006302178984,6.616049068365326,,,,,,,0.0,,,,,0.96,0.18,1.0,0.0,0.0,0.0,0.0,7.46508101698485,,-1.1518770008570671,,-0.8490319486195235,,46.82217591629719,,100.0,100.0,BE
1984-01-01,6.772509112843927,7.427343338389036,6.772509112843927,,,,,,,0.0,,,,,0.96,0.18,1.0,0.0,0.0,0.0,0.0,7.326566636156665,,-1.1065401877319712,,-0.5540575233127374,,47.69970881680225,,100.0,100.0,BE
1984-04-01,6.88934525632372,5.714889577806481,6.88934525632372,,,,,,,0.0,,,,,0.96,0.18,1.0,0.0,0.0,0.0,0.0,7.239122360190076,,-0.8792622955633496,,-0.34977710386635597,,48.386096852854585,,100.0,100.0,BE
1984-07-01,5.635986539823401,4.641650221308247,5.635986539823401,,,,,,,0.0,,,,,0.96,0.18,1.0,0.0,0.0,0.0,0.0,6.918495196116741,,-2.041352464316329,,-1.2825086562933397,,48.95084556604816,,100.0,100.0,BE
1984-10-01,5.338327759489214,3.5694279004530927,5.338327759489214,,,,,,0.016683223509705414,0.0,,,,,0.96,0.18,1.0,0.0,0.0,0.0,0.0,6.602461708791235,,-2.1267532574956354,,-1.2641339493020212,,49.38961664137,,100.0,100.0,BE
1985-01-01,5.234017082720177,7.010100631312888,5.234017082720177,,,,,,0.2224696759565994,0.0,,,,,0.96,0.18,1.0,0.0,0.0,0.0,0.0,6.3287727835770236,,-2.0925495534364877,,-1.0947557008568465,,50.262811226862055,,100.0,100.0,BE
1985-04-01,5.148870238623804,5.3743022014209885,5.148870238623804,,,,,,0.5906461778547545,0.0,,,,,0.96,0.18,1.0,0.0,0.0,0.0,0.0,6.09279227458638,,-2.090252121566272,,-0.9439220359625757,,50.94268716532561,,100.0,100.0,BE
1985-07-01,4.647177611950548,2.6348797146152236,4.647177611950548,,,,,,0.7189680744014684,0.0,,,,,0.96,0.18,1.0,0.0,0.0,0.0,0.0,5.803669342059213,,-2.2713175841661926,,-1.156491730108665,,51.27936446069367,,100.0,100.0,BE
1985-10-01,4.004417248500269,0.9983864466519776,4.004417248500269,,,,,,0.6284654054263754,0.0,,,,,0.96,0.18,1.0,0.0,0.0,0.0,0.0,5.443818923347425,,-2.598044460290966,,-1.4394016748471552,,51.407515881141215,,100.0,100.0,BE
1986-01-01,2.4671533577233618,0.8610450682052573,2.4671533577233618,,,,,,0.4261072169902942,0.0,,,,,0.96,0.18,1.0,0.0,0.0,0.0,0.0,4.848485810222612,,-3.861619425853662,,-2.38133245249925,,51.51829554125957,,100.0,100.0,BE
1986-04-01,1.2541873258698821,0.52243807400707,1.2541873258698821,,,,,,0.3956709872052713,0.0,,,,,0.96,0.18,1.0,0.0,0.0,0.0,0.0,4.1296261133520655,,-4.8386049487164975,,-2.8754387874821834,,51.585627300277736,,100.0,100.0,BE
1986-07-01,0.7805833804306772,0.740463932858404,0.7805833804306772,,,,,,0.5250188914993537,0.0,,,,,0.96,0.18,1.0,0.0,0.0,0.0,0.0,3.459817566767788,,-5.023085961628536,,-2.6792341863371107,,51.68120898264273,,100.0,100.0,BE
1986-10-01,0.6569840851875952,0.5039892656796496,0.6569840851875952,,,,,,0.367065079529878,0.0,,,,,0.96,0.18,1.0,0.0,0.0,0.0,0.0,2.8992508704517492,,-4.786834838159829,,-2.242266785264154,,51.74636695908509,,100.0,100.0,BE
1987-01-01,1.0485351469914583,2.4272493154207098,1.0485351469914583,,,,,,0.3768861529265788,0.0,,,,,0.96,0.18,1.0,0.0,0.0,0.0,0.0,2.5291077257596912,,-3.7999506632311535,,-1.480572578768233,,52.061324928972354,,100.0,100.0,BE
1987-04-01,1.5832604014721419,2.661339091929804,1.5832604014721419,,,,,,0.45049291821503523,0.0,,,,,0.96,0.18,1.0,0.0,0.0,0.0,0.0,2.3399382609021813,,-2.5463657118799237,,-0.7566778594300394,,52.408861887080825,,100.0,100.0,BE
1987-07-01,1.9849569282988533,2.3472500401652496,1.9849569282988533,,,,,,0.648076805528083,0.0,,,,,0.96,0.18,1.0,0.0,0.0,0.0,0.0,2.2689419943815157,,-1.4748606384689347,,-0.2839850660826624,,52.71730775937932,,100.0,100.0,BE
1987-10-01,1.5453126107582094,-1.254588004482926,1.5453126107582094,,,,,,0.742477827430406,0.0,,,,,0.96,0.18,1.0,0.0,0.0,0.0,0.0,2.1242161176568546,,-1.3539382596935399,,-0.5789035068986452,,52.55222053542036,,100.0,100.0,BE
1988-01-01,0.9757035733275465,0.14881316569805847,0.9757035733275465,,,,,,0.8542669375209098,0.0,,,,,0.96,0.18,1.0,0.0,0.0,0.0,0.0,1.894513608790993,,-1.5534041524321447,,-0.9188100354634465,,52.571775328463964,,100.0,100.0,BE
1988-04-01,0.9979797100170273,2.7504436386877273,0.9979797100170273,,,,,,1.107876812042397,0.0,,,,,0.96,0.18,1.0,0.0,0.0,0.0,0.0,1.7152068290362,,-1.341958550885154,,-0.7172271190191726,,52.93451026432581,,100.0,100.0,BE
1988-07-01,1.0370350169789155,2.5034712680128024,1.0370350169789155,,,,,,1.3998626055570451,0.0,,,,,0.96,0.18,1.0,0.0,0.0,0.0,0.0,1.579572466624743,,-1.2319069774026001,,-0.5425374496458275,,53.26684924468089,,100.0,100.0,BE
1988-10-01,1.6031895573887844,1.0100301571565495,1.6031895573887844,,,,,,1.7285551447843943,0.0,,,,,0.96,0.18,1.0,0.0,0.0,0.0,0.0,1.5842958847775512,,-0.5210265602680701,,0.018893672611233203,,53.401522012855835,,100.0,100.0,BE
1989-01-01,2.5374603858771216,3.8858964796514073,2.5374603858771216,,,,,,1.9754913795192692,0.0,,,,,0.96,0.18,1.0,0.0,0.0,0.0,0.0,1.7749287849974653,,0.6429467770861286,,0.7625316008796563,,53.92283207508785,,100.0,100.0,BE
1989-04-01,2.9515043317080547,4.40661942201146,2.9515043317080547,,,,,,2.1106390047103982,0.0,,,,,0.96,0.18,1.0,0.0,0.0,0.0,0.0,2.0102438943395833,,1.2362975026718548,,0.9412604373684714,,54.52015977650261,,100.0,100.0,BE
1989-07-01,3.194369020979426,3.4749300250982884,3.194369020979426,,,,,,2.227433081853815,0.0,,,,,0.96,0.18,1.0,0.0,0.0,0.0,0.0,2.247068919667552,,1.6147965543546832,,0.9473001013118743,,54.99585740519722,,100.0,100.0,BE
1989-10-01,3.5443244113094963,2.4098517184768298,3.5443244113094963,,,,,,2.2708133171890976,0.0,,,,,0.96,0.18,1.0,0.0,0.0,0.0,0.0,2.506520017995941,,1.960028526531945,,1.0378043933135555,,55.32818713541369,,100.0,100.0,BE
1990-01-01,3.4016948388086554,3.315378189648044,3.4016948388086554,,,,,,2.31419485394596,0.0,,,,,0.96,0.18,1.0,0.0,0.0,0.0,0.0,2.6855549821584837,,1.62676605381119,,0.7161398566501718,,55.78867753621632,,100.0,100.0,BE
1990-04-01,3.037080495112754,2.9481620472278536,3.037080495112754,,,,,,2.272482290250858,0.0,,,,,0.96,0.18,1.0,0.0,0.0,0.0,0.0,2.7558600847493375,,1.0268366007731706,,0.2812204103634164,,56.20138172090575,,100.0,100.0,BE
1990-07-01,3.2638059627132954,4.381831895500454,3.2638059627132954,,,,,,2.202405743855456,0.0,,,,,0.96,0.18,1.0,0.0,0.0,0.0,0.0,2.857449260342129,,1.0167370430457434,,0.4063567023711663,,56.820428747801294,,100.0,100.0,BE
1990-10-01,3.850775489435687,4.757729825366397,3.850775489435687,,,,,,2.1256552573453833,0.0,,,,,0.96,0.18,1.0,0.0,0.0,0.0,0.0,3.056114506160841,,1.3442554714397463,,0.7946609832748464,,57.50030468626485,,100.0,100.0,BE
1991-01-01,3.650805485462083,2.5154981737536275,3.650805485462083,,,,,,1.9404529561575403,0.0,,,,,0.96,0.18,1.0,0.0,0.0,0.0,0.0,3.1750527020210892,,0.9652505033035994,,0.4757527834409938,,57.8630488722653,,100.0,100.0,BE
1991-04-01,3.1949194110469925,1.1246177495674914,3.1949194110469925,,,,,,1.7552506549696956,0.0,,,,,0.96,0.18,1.0,0.0,0.0,0.0,0.0,3.17902604382627,,0.439059326297655,,0.015893367220722432,,58.02596231364845,,100.0,100.0,BE
1991-07-01,3.242122151019622,4.570642855390972,3.242122151019622,,,,,,1.578390816466193,0.0,,,,,0.96,0.18,1.0,0.0,0.0,0.0,0.0,3.1916452652649405,,0.3846728906774928,,0.050476885754681344,,58.69280480679579,,100.0,100.0,BE
1991-10-01,2.584176468491961,2.1259470952557535,2.584176468491961,,,,,,1.2046490688418041,0.0,,,,,0.96,0.18,1.0,0.0,0.0,0.0,0.0,3.070151505910345,,-0.47193803766887976,,-0.48597503741838377,,59.00557974396864,,100.0,100.0,BE
1992-01-01,2.3850948307927666,1.7191716229568499,2.3850948307927666,,,,,,0.9059899859232736,0.0,,,,,0.96,0.18,1.0,0.0,0.0,0.0,0.0,2.933140170886829,,-0.7899578712283226,,-0.5480453400940624,,59.259727302565175,,100.0,100.0,BE
1992-04-01,2.6886913723323858,2.339003915725968,2.6886913723323858,,,,,,0.49220434733747975,0.0,,,,,0.96,0.18,1.0,0.0,0.0,0.0,0.0,2.88425041117594,,-0.4903346714938843,,-0.1955590388435544,,59.60726426067362,,100.0,100.0,BE
1992-07-01,2.286662721055688,2.96252825028418,2.286662721055688,,,,,,0.23025185996761977,0.0,,,,,0.96,0.18,1.0,0.0,0.0,0.0,0.0,2.76473287315189,,-0.9049825442092527,,-0.4780701520962021,,60.05037365100846,,100.0,100.0,BE
1992-10-01,2.238706220096809,1.9341210914202378,2.238706220096809,,,,,,-0.2402624447842321,0.0,,,,,0.96,0.18,1.0,0.0,0.0,0.0,0.0,2.6595275425408738,,-0.8314452858135359,,-0.4208213224440649,,60.34143851283914,,100.0,100.0,BE
1993-01-01,2.8117777289965673,4.011457658555884,2.8117777289965673,,,,,,-0.7474828445379957,0.0,,,,,0.96,0.18,1.0,0.0,0.0,0.0,0.0,2.6899775798320125,,-0.12136244189026169,,0.12180014916455484,,60.9496258769943,,100.0,100.0,BE
1993-04-01,2.621826934031901,1.5792007358673033,2.621826934031901,,,,,,-1.2163289771029042,0.0,,,,,0.96,0.18,1.0,0.0,0.0,0.0,0.0,2.67634745067199,,-0.262423477144039,,-0.054520516640089056,,61.190730740136,,100.0,100.0,BE
1993-07-01,2.8210113519233637,3.75926592185003,2.8210113519233637,,,,,,-1.7068648018707098,0.0,,,,,0.96,0.18,1.0,0.0,0.0,0.0,0.0,2.705280230922265,,0.05627847877147385,,0.11573112100109872,,61.7685221487844,,100.0,100.0,BE
1993-10-01,2.614891273313358,1.1096407769802141,2.614891273313358,,,,,,-2.1173124943329844,0.0,,,,,0.96,0.18,1.0,0.0,0.0,0.0,0.0,2.6872024394004836,,-0.04463626922751596,,-0.07231116608712584,,61.94011222019351,,100.0,100.0,BE
1994-01-01,2.3805715363035773,3.0741787105167617,2.3805715363035773,,,,,,-2.3575755898280057,0.0,,,,,0.96,0.18,1.0,0.0,0.0,0.0,0.0,2.625876258781102,,-0.30940604352843515,,-0.24530472247752488,,62.417983631463926,,100.0,100.0,BE
1994-04-01,2.541016794847284,2.2209817700421297,2.541016794847284,,,,,,-2.3759286373289594,0.0,,,,,0.96,0.18,1.0,0.0,0.0,0.0,0.0,2.6089043659943387,,-0.13533065582470627,,-0.06788757114705479,,62.7655205895724,,100.0,100.0,BE
1994-07-01,2.5072486863356502,3.6241934878034954,2.5072486863356502,,,,,,-2.2457864797375002,0.0,,,,,0.96,0.18,1.0,0.0,0.0,0.0,0.0,2.588573230062601,,-0.19803154458661476,,-0.08132454372695097,,63.33679065049339,,100.0,100.0,BE
1994-10-01,1.9722894107492728,-1.0301963253652957,1.9722894107492728,,,,,,-2.0405629588617575,0.0,,,,,0.96,0.18,1.0,0.0,0.0,0.0,0.0,2.4653164661999356,,-0.7149130286512109,,-0.49302705545066283,,63.17387720911023,,100.0,100.0,BE
1995-01-01,1.7968133237363126,2.372274362464921,1.7968133237363126,,,,,,-1.8269959742081516,0.0,,,,,0.96,0.18,1.0,0.0,0.0,0.0,0.0,2.331615837707211,,-0.8290629350447896,-230.6559848596434,-0.5348025139708983,56.538701711054166,63.54965484042688,,100.0,100.0,BE
1995-04-01,1.4464340646801688,0.8194647338175542,1.4464340646801688,,0.8008357748435557,,,,-1.6100920445245457,0.0,,,,,0.96,0.18,1.0,0.0,0.0,0.0,0.0,2.1545794831018026,,-1.16247030131417,-230.66064209938685,-0.7081454184216338,56.65201063799199,63.67998004345023,,100.0,100.0,BE
1995-07-01,1.216891084775451,2.7060215681846245,1.216891084775451,,1.120997309245464,,,,-1.5183254555435166,0.0,,,,,0.96,0.18,1.0,0.0,0.0,0.0,0.0,1.9670418034365322,,-1.3716821452871502,-231.05689816412166,-0.7501507186610812,56.81100019623883,64.11223902118329,,100.0,100.0,BE
1995-10-01,1.372742939777627,-0.40678890535659207,1.372742939777627,,4.068261404046947,,,,-1.4816183594480865,0.0,,,,,0.96,0.18,1.0,0.0,0.0,0.0,0.0,1.8481820307047512,,-1.0925735264223086,-229.93813558677084,-0.4754390909271242,57.39175350896625,64.0470717946023,,100.0,100.0,BE
1996-01-01,1.8495620399214374,4.279550763040163,1.8495620399214374,0.3938809824235223,-4.414570558441877,,,,-1.3748353676680427,0.0,,,,,0.96,0.18,1.0,0.0,0.0,0.0,0.0,1.8484580325480884,,-0.4820537977857735,-232.1116659171413,0.0011040073733490363,56.76183605820292,64.73598224469036,,100.0,100.0,BE
1996-04-01,2.375318709940988,2.922491413895756,2.375318709940988,2.156943808419931,7.853087078829191,,,,-1.0111047054070212,0.0,,,,,0.96,0.18,1.0,0.0,0.0,0.0,0.0,1.9538301680266683,,0.22073922683918523,-230.879017000908,0.4214885419143195,57.887236346617414,65.21069017601185,,100.0,100.0,BE
1996-07-01,1.5994967025756424,-0.39726646127675735,1.5994967025756424,2.380235080235682,2.0141623965084676,,,,-0.6256830495215269,0.0,,,,,0.96,0.18,1.0,0.0,0.0,0.0,0.0,1.8829634749364632,,-0.3675451008608899,-230.27615978646173,-0.28346677236082085,58.17945719118539,65.1459572762862,,100.39465771302834,100.0,BE
1996-10-01,2.3943477120843326,2.772615132678169,2.3943477120843326,1.9303799441810598,2.268840859828458,,,,-0.29365466646705407,0.0,,,,,0.96,0.18,1.0,0.0,0.0,0.0,0.0,1.985240322366037,,0.5461656813795814,-230.4021033546741,0.4091073897182955,58.510394683748444,65.59908757436578,,100.39465771302834,100.0,BE
1997-01-01,1.760517446541332,1.7442297008681606,1.760517446541332,4.307333032465288,5.093241794695036,,1.4228804852935983,-2.969107286624517,-0.041712113203017154,0.0,,,,,0.96,0.18,1.0,0.0,0.0,0.0,0.0,1.940295747201096,,-0.08794058600675636,-229.5648503312174,-0.17977830065976397,59.26017705115103,65.8857618445794,,100.39465771302834,100.0,BE
1997-04-01,1.3615233796812731,1.3265151464555203,1.3615233796812731,3.063313111132948,2.877007393499831,,0.045745595870139155,-1.365307338251931,0.031701728605110446,0.0,,,,,0.96,0.18,1.0,0.0,0.0,0.0,0.0,1.8245412736971314,,-0.5923067883453952,-229.17722726945632,-0.46301789401585824,59.687943484821176,66.1046206960328,,100.39465771302834,100.0,BE
1997-07-01,1.72163276610533,1.0431710844194697,1.72163276610533,2.925047415008919,1.461099612012351,,0.6539765160130884,0.5199723264317502,-0.026695710404004203,0.0,,,,,0.96,0.18,1.0,0.0,0.0,0.0,0.0,1.8039595721787711,,-0.16133070883113332,-229.07274513755803,-0.08232680607344123,59.90636724321445,66.27724176196789,,104.81347335141369,100.0,BE
1997-10-01,1.1261011927666154,0.3904888393233108,1.1261011927666154,2.274546249655507,-0.3331638015851901,,-2.1908525636430642,0.848959110995251,0.03170172860511222,0.0,,,,,0.96,0.18,1.0,0.0,0.0,0.0,0.0,1.6683878962963399,,-0.8591391295994217,-229.2536582977852,-0.5422867035297245,59.85649143449063,66.34197466169353,,104.81347335141369,100.0,BE
1998-01-01,0.7550723359612377,0.26011427364664996,0.7550723359612377,2.1254612565963837,4.496901822458543,,-4.980947694513027,0.21914616891680616,0.00667439060675612,0.0,,,,,0.96,0.18,1.0,0.0,0.0,0.0,0.0,1.4857247842293195,,-1.1852234112398583,-228.19446141058225,-0.7306524482680818,60.53321014259648,66.3851299281773,,104.81347335141369,100.0,BE
1998-04-01,1.2327526583256976,3.23723643591336,1.2327526583256976,1.2539562216233424,-0.6090127463923345,,-3.333151625873132,1.164175057640815,0.060066011633468364,0.0,,,,,0.96,0.18,1.0,0.0,0.0,0.0,0.0,1.435130359048595,,-0.5917886153714338,-229.15602370615863,-0.2023777007228975,60.44111652672688,66.92457075922445,,104.81347335141369,100.0,BE
1998-07-01,0.9765657412621032,0.01842341616509202,0.9765657412621032,1.7213860491865018,3.3308189222649887,,-5.898883629606688,-0.47864002578066334,0.15183225023176306,0.0,,,,,0.96,0.18,1.0,0.0,0.0,0.0,0.0,1.3434174354912967,,-0.827393830916668,-228.3279248296337,-0.3668516942291935,60.94651387673377,66.927653278259,,107.06508694160787,100.0,BE
1998-10-01,0.6483905635344733,-0.9222118715872085,0.6483905635344733,1.9125426349744012,0.4314625415664075,,-7.344675438961357,-1.0448365973561469,0.37541047041276876,0.0,,,,,0.96,0.18,1.0,0.0,0.0,0.0,0.0,1.204412061099932,,-1.0199973327618665,-227.98950622634527,-0.5560214975654587,61.012289689547636,66.77352732653124,,107.06508694160787,100.0,BE
1999-01-01,1.0760985956482116,1.9709464021016032,1.0760985956482116,2.3467980182213743,6.233923355446436,,-6.535464455891393,-0.7661878789321452,0.5072214008472837,0.0,1074.0,28.917190720287483,,,0.96,0.18,1.0,0.0,0.0,0.0,0.0,1.178749368009588,,-0.4096261885811079,-226.92376198800912,-0.10265077236137632,61.97060269935089,67.10335686322864,67.37766624843162,107.06508694160787,100.0,BE
1999-04-01,0.8484927186277247,2.326812927831412,0.8484927186277247,3.728019396846194,4.915872768106944,,-4.195350407483867,-3.219112446099004,0.5289110930501781,0.0,1074.0,29.444769451683246,,,0.96,0.18,1.0,0.0,0.0,0.0,0.0,1.1126980381332152,,-0.5866376404208704,-226.27649702794025,-0.26420531950549053,62.73690083019786,67.49483678061712,67.37766624843162,107.06508694160787,100.0,BE
1999-07-01,0.9397488307068436,0.38344786448156754,0.9397488307068436,4.079377996407074,4.73625332050851,,0.003054569164584464,-4.639187241188569,1.2129919820182309,0.0,1096.0,29.321117294970072,,,0.96,0.18,1.0,0.0,0.0,0.0,0.0,1.0781081966479409,,-0.4036686047844531,-225.1882956639335,-0.13835936594109732,63.48416075224177,67.55956968034279,68.75784190715181,109.60740311310458,100.0,BE
1999-10-01,1.6482380277854425,1.9117449167271872,1.6482380277854425,4.647940314145682,2.705711812520839,1.2206805057538794,3.578038965777397,-4.687670151775913,1.5450209657288152,0.0,1096.0,29.086637752994633,,,0.96,0.18,1.0,0.0,0.0,0.0,0.0,1.1921341628754412,,0.44382596668551044,-224.98980393998505,0.4561038649100013,63.91504101572698,67.88323417897107,68.75784190715181,109.60740311310458,100.0,BE
2000-01-01,1.6402026094930022,1.9388047289318422,1.6402026094930022,3.594730306766003,2.0210833259277194,0.5663792708480386,10.325756870706737,-4.31009387448138,2.0172033926129354,2.0277192439150937,1096.0,29.390624999999996,0.4734342797125146,1.6320491993759378,0.96,0.18,1.0,0.0,0.0,0.0,0.0,1.2817478521989534,-0.8792100968508407,0.46145324148341427,-224.96923429073607,0.35845475729404885,64.23880232183271,68.21306371566845,68.75784190715181,109.60740311310458,100.0,BE
2000-04-01,2.538745298320766,5.920983683142467,2.538745298320766,2.370027061365043,0.017059786503104135,1.3937953402220593,11.858290518600656,-2.238329361672564,2.1773783558024222,2.0277192439150937,1096.0,28.60055887017597,-0.8442105815072765,-0.10079517199426358,0.96,0.18,1.0,0.0,0.0,0.0,0.0,1.5331473414233159,1.0648417283566687,1.4260472601875507,-226.44521526489595,1.00559795689745,64.24154213089005,69.23029499707161,68.75784190715181,109.60740311310458,100.0,BE
2000-07-01,3.006765390189692,2.255528231957271,3.006765390189692,1.65435836535619,1.8735785364730972,1.0183951492896526,14.520297647895308,0.2987230251065842,1.9387843835331884,0.0,1096.0,28.325608914308255,-0.9955083806618192,-0.7717086285706104,0.96,0.18,1.0,0.0,0.0,0.0,0.0,1.8278709511765912,1.278742139371218,1.928657193541751,-226.540702688767,1.1788944390131006,64.54315187761408,69.62177491446012,68.75784190715181,113.61916771653257,100.0,BE
2000-10-01,3.3709301186326535,3.368403830499034,3.3709301186326535,2.246749987714791,5.075278301955244,1.4378362434896985,13.752355995174215,-0.2696039914488413,2.0472364985390206,0.0,1096.0,28.178853081491578,-0.9077846715030535,-0.9108898123619006,0.96,0.18,1.0,0.0,0.0,0.0,0.0,2.1364827846678036,0.9290275765834508,2.178795955757212,-226.11398407090292,1.2344473339648498,65.36730547768052,70.21053605006011,68.75784190715181,113.61916771653257,100.0,BE
2001-01-01,2.4329928081678,-1.8129445129275723,2.4329928081678,2.4611507338185845,2.878686310342893,1.5412027311090704,3.894815004581842,0.20150443031052845,2.4243143903185924,1.9874186207083255,1118.0,28.406965729968668,-0.9836592700313285,-0.6772069477158735,0.96,0.18,1.0,0.0,0.0,0.0,0.0,2.195784789367803,-0.11322343738666518,1.1512449559688465,-224.94107636508525,0.23720801879999698,65.83943223956919,69.89303658950095,70.13801756587202,113.61916771653257,100.0,BE
2001-04-01,2.9611972151624144,8.033801311120925,2.9611972151624144,3.612353071693919,4.621869138004442,1.8245237166726547,3.3290600342344767,0.7045208408514192,1.8320010413704146,1.9874186207083255,1118.0,28.247579628440256,-0.3529792417357125,-0.27664638121994456,0.96,0.18,1.0,0.0,0.0,0.0,0.0,2.348867274526725,1.0340797013867302,1.4280498737390985,-225.79405940836446,0.6123299406356892,66.60459744308699,71.31099534539626,70.13801756587202,113.61916771653257,100.0,BE
2001-07-01,2.3540793918750857,-0.1729430611920435,2.3540793918750857,4.826910316016031,6.731807513761545,2.1598205938994752,-4.84118889103855,-0.4936378333742386,1.8753817772524588,3.93610738805803,1140.0,28.626371017520537,0.30076210321228203,0.24880140213615207,0.96,0.18,1.0,0.0,0.0,0.0,0.0,2.3499096979963974,-0.573947642246111,0.5262084406984946,-224.06787176462606,0.004169693878688374,67.73500620401975,71.28017015505071,71.51819322459222,116.4502018034429,100.0,BE
2001-10-01,1.8788879603231834,1.4676381042914244,1.8788879603231834,5.246238471303366,6.752590923104584,2.6388948430288828,-12.77406902963194,-0.630546924906783,0.6824119659609682,3.93610738805803,1140.0,29.09515828238238,0.916305200890799,-0.44318644326248813,0.96,0.18,1.0,0.0,0.0,0.0,0.0,2.2557053504617546,-1.5417453697284031,-0.2575948243446202,-222.7466335599227,-0.3768173901385712,68.88817942172449,71.5421842729879,71.51819322459222,116.4502018034429,100.0,BE
2002-01-01,2.5129248265709947,0.7232029520636729,2.5129248265709947,5.438455080419269,3.647552746806504,2.8410765799851134,-9.508899864510711,-0.6747532300076298,0.6607219233753421,1.9486887673497044,1140.0,29.45888006784612,1.051914337877452,0.07197470806203099,0.96,0.18,1.0,0.0,0.0,0.0,0.0,2.3071492456836027,-1.7796171429753258,0.31714003720319184,-222.01554611123706,0.205775580887392,69.5192354818396,71.6716500724392,71.51819322459222,116.4502018034429,100.0,BE
2002-04-01,1.262849135432642,3.0334985465675146,1.262849135432642,5.336338145951025,4.213401400131467,2.280530266363101,-11.523181547142602,-3.674224371064083,0.6023244843662257,1.9486887673497044,1140.0,30.13914722294163,1.8915675945013755,1.036739648913846,0.96,0.18,1.0,0.0,0.0,0.0,0.0,2.0982892236334107,-1.5447698787809259,-1.086018139094083,-221.72057039784602,-0.8354400882007686,70.25538691235386,72.21725594155545,71.51819322459222,116.4502018034429,100.0,BE
2002-07-01,1.1822247187523338,-0.49544072791327665,1.1822247187523338,3.9452439516173943,1.167430736427022,2.032882474296649,-8.47786685883296,-2.665849501401407,0.3120073635852787,1.9974611130122888,1163.0,30.599548854327434,1.9731778368068997,1.791177164114911,0.96,0.18,1.0,0.0,0.0,0.0,0.0,1.9150763226571954,-1.4578866619479243,-1.1676849792440636,-221.30485253176096,-0.7328516039048616,70.46073216975037,72.12786288955336,72.96110414052697,122.95866968633901,100.0,BE
2002-10-01,1.1992091976740227,1.5355760199781798,1.1992091976740227,2.5164396024191404,1.037373526311569,1.4050608882083537,-2.431763483495253,-1.503175329013695,-0.2235779699076268,1.9974611130122888,1163.0,30.49690167192798,1.401743389545601,0.7812316661828989,0.96,0.18,1.0,0.0,0.0,0.0,0.0,1.7719028976605609,-0.8386236075081968,-1.056496152787732,-221.42940315517765,-0.5726936999865382,70.64370457610245,72.4052896026633,72.96110414052697,122.95866968633901,100.0,BE
2003-01-01,1.5110412137133267,1.9705310162208889,1.5110412137133267,2.1691898158984646,2.2585536007238005,1.1320260964361673,2.7054839043742174,-1.0447093472327307,-0.42379632351175456,1.9974611130122888,1163.0,30.607007885037092,1.1481278171909692,0.2734352659115491,0.96,0.18,1.0,0.0,0.0,0.0,0.0,1.719730560871114,-0.4903854167910424,-0.796108031970276,-221.35739750905188,-0.2086893471577873,71.04371430095799,72.7628618106717,72.96110414052697,122.95866968633901,100.0,BE
2003-04-01,1.3018863775745793,2.196879202012525,1.3018863775745793,1.5611081770444457,1.7810748447153912,1.595971488642256,-4.235064281234324,0.6683196730359775,-0.4905358748224824,1.9974611130122888,1163.0,30.825411546487363,0.6862643235457322,0.06158414292795755,0.96,0.18,1.0,0.0,0.0,0.0,0.0,1.636161724211807,-0.006812878120769028,-0.7964028460588315,-221.46134859837616,-0.3342753466372277,71.36075504981247,73.16358928516385,72.96110414052697,122.95866968633901,100.0,BE
2003-07-01,1.5773063915366592,0.6062393279350431,1.5773063915366592,2.032312166596695,3.0522466946360183,1.4288840485283671,-3.028391178291745,1.2881151670657953,-0.5856394588881848,1.9583427039006729,1186.0,31.13992511440854,0.5403762600811046,0.2965428637222004,0.96,0.18,1.0,0.0,0.0,0.0,0.0,1.6243906576767775,-0.2947100300497425,-0.3377699311205362,-220.8498467567009,-0.04708426614011829,71.90736445280918,73.27455997040782,74.40401505646173,125.65501532743521,100.0,BE
2003-10-01,1.6299659909095432,1.7462144174697158,1.6299659909095432,2.0922998194174536,1.2773241375946043,1.6962132520710327,-2.6715194944165965,0.408057730037914,-0.8576038324962312,1.9583427039006729,1186.0,31.435706522995815,0.9388048510678371,0.5806621969133665,0.96,0.18,1.0,0.0,0.0,0.0,0.0,1.6255057243233306,0.17903121152968993,-0.14193690675101767,-220.9670693266697,0.004460266586212569,72.1373540020905,73.59514195000155,74.40401505646173,125.65501532743521,100.0,BE
2004-01-01,1.137333236854321,0.0,1.137333236854321,2.0036958621753254,1.9041377717552876,1.5349063794006135,-5.479745384974022,0.0968153955270612,-1.0461433790421317,1.9583427039006729,1186.0,31.724121931981625,1.117114046944534,0.5598177296471396,0.96,0.18,1.0,0.0,0.0,0.0,0.0,1.5278712268295287,0.007345318168916037,-0.582397324016793,-220.49103488373086,-0.3905379899752077,72.481571299791,73.59514195000155,74.40401505646173,125.65501532743521,100.0,BE
2004-04-01,1.9980226282267033,5.639636767502054,1.9980226282267033,1.9459909615697768,1.550255242293197,1.2594775042069628,5.125294560633176,0.2128456003426482,-0.335366629506046,1.9583427039006729,1186.0,31.394391326227183,0.56897977973982,0.6953410700811219,0.96,0.18,1.0,0.0,0.0,0.0,0.0,1.6219015071089635,1.3523310705363372,0.36186090401489635,-221.51338026503305,0.37612112111773977,72.76302870069377,74.64011590271569,74.40401505646173,125.65501532743521,100.0,BE
2004-07-01,1.945529922317668,0.39626850429890226,1.945529922317668,1.625667408244258,1.7709524813339428,1.2268137616842978,7.837187829864467,-0.8047722431564264,-1.399862705666398,0.0,1186.0,30.89797375702937,-0.24195135737917206,-0.786060616284031,0.96,0.18,1.0,0.0,0.0,0.0,0.0,1.6866271901507044,1.1897125511929971,0.3211392646408906,-221.16970927077432,0.2589027321669637,73.0858925595609,74.71409635954504,74.40401505646173,128.1981529576222,100.0,BE
2004-10-01,2.269342489315651,3.041464685461648,2.269342489315651,1.896264553087068,2.359712716965845,1.0560344941763944,10.29460536256006,-0.30613684547717845,-0.8659461450165473,0.0,1186.0,31.080000000000002,-0.3557065229958134,-0.5215375021175076,0.96,0.18,1.0,0.0,0.0,0.0,0.0,1.8031702499836937,1.5560568325367399,0.6438367649923205,-221.3401472628983,0.4661722393319574,73.51832108959981,75.28436238093772,74.40401505646173,128.1981529576222,100.0,BE
2005-01-01,2.334833056921859,0.26196227042483144,2.334833056921859,1.138366738676444,-1.1274534858872087,1.1812409428486603,9.940274889468892,0.8927637763711527,-0.8976464720907309,2.003405903311517,1210.0,31.33853714946516,-0.38558478251646267,-1.0859764776707457,0.96,0.18,1.0,0.0,0.0,0.0,0.0,1.9095028113713268,2.061157360198564,0.8069618300923302,-221.6875012019763,0.4253302455505321,73.3113916372919,75.33368268549057,75.90966122961105,128.1981529576222,100.0,BE
2005-04-01,2.4436731092330355,6.07499697674676,2.4436731092330355,1.8193176588563453,4.274058923012802,1.12285738652238,10.06162761689442,0.33261183841535313,-0.8459239742898044,2.003405903311517,1210.0,31.432304932338155,0.03791360611097305,0.10680535089354218,0.96,0.18,1.0,0.0,0.0,0.0,0.0,2.0163368709436686,2.68168274591622,0.821771602124072,-222.13773571540978,0.42733623828936684,74.0989346699569,76.48654480441418,75.90966122961105,128.1981529576222,100.0,BE
2005-07-01,2.7949666301606335,1.8014425880092944,2.7949666301606335,2.439598104730223,4.252074264829453,1.1767388190966344,12.728047071360438,-0.8090557342038895,-0.7658364926950618,2.003405903311517,1210.0,30.78543032126356,-0.11254343576580506,-0.3505399558717256,0.96,0.18,1.0,0.0,0.0,0.0,0.0,2.1720628227870615,2.1595473052900616,1.1083394400099291,-221.5250777962047,0.622903807373572,74.89082159841979,76.83178693628433,75.90966122961105,129.66585616336926,100.0,BE
2005-10-01,2.4469886876167024,1.6495529152859234,2.4469886876167024,2.4533116207169137,2.414566780912608,1.5459999506183486,7.159079556975545,-0.7793756851568467,-0.6089981742075166,2.003405903311517,1210.0,30.652552081123506,-0.4274479188764946,-0.6552363465798476,0.96,0.18,1.0,0.0,0.0,0.0,0.0,2.2270479957529896,2.065964835189561,0.6438184376330087,-221.33382432979803,0.2199406918637128,75.34426102131596,77.14928639684351,75.90966122961105,129.66585616336926,100.0,BE
2006-01-01,2.553158275139644,0.6866406205165987,2.553158275139644,3.995807854504241,5.0425314492621,1.3892101558766967,8.3844102733587,-2.6140858180935034,-0.617341287602649,1.96405658745471,1234.0,30.66694807935838,-0.6715890701067817,-0.9193222188280021,0.96,0.18,1.0,0.0,0.0,0.0,0.0,2.2922700516303207,1.1173686852385742,0.6436554637683174,-220.24485162261175,0.2608882235093235,76.30008760939903,77.28183471532938,77.41530740276035,129.66585616336926,100.0,BE
2006-04-01,2.558376221755232,6.095868763209111,2.558376221755232,3.69023621990614,3.0517723846203992,1.6686734193275043,6.8631587948551065,-2.263958732395377,-0.608998824918304,1.96405658745471,1234.0,30.120457245872085,-1.3118476864660722,-1.6712117697773918,0.96,0.18,1.0,0.0,0.0,0.0,0.0,2.345491285655303,1.9775368544466403,0.5420393508115633,-221.00587571725887,0.21288493609992898,76.88444016440577,78.46860454363308,77.41530740276035,129.66585616336926,100.0,BE
2006-07-01,2.1865516661216944,0.3141443654751441,2.1865516661216944,3.1043777116273485,1.908640231714287,1.7376227441300962,0.4645330896519084,0.11694669909081412,0.23859402232390892,1.96405658745471,1234.0,30.689933552754145,-0.09549676850941768,0.1438358325315261,0.96,0.18,1.0,0.0,0.0,0.0,0.0,2.313703361748581,1.6226863627244086,0.01448884333463285,-220.60725175069908,-0.12715169562688677,77.25217865650578,78.53025492432417,77.41530740276035,134.95196263850747,100.0,BE
2006-10-01,1.9114533562893499,0.5491596759565454,1.9114533562893499,3.525230282996139,4.09797706638777,1.3162135828879151,-1.5358091187692935,0.4616691232097292,0.23192038253729486,1.96405658745471,1234.0,30.395512262297736,-0.25703981882577165,0.10566677090141724,0.96,0.18,1.0,0.0,0.0,0.0,0.0,2.233253360656735,0.813605808604791,-0.31559463946363975,-219.72004740309129,-0.3218000043673852,78.04769082796486,78.6381430905336,77.41530740276035,134.95196263850747,100.0,BE
2007-01-01,1.7554714828525775,0.06271312676950913,1.7554714828525775,3.5572730958240317,5.1707027005736705,1.4697921068274944,-4.143785041063897,0.3694306371636369,0.35705707252908336,2.005682957901378,1259.0,29.968047313791256,-0.6989007655671231,-0.29882660050476473,0.96,0.18,1.0,0.0,0.0,0.0,0.0,2.1376969850959036,-0.3405170411770939,-0.5367985687777432,-218.44305000964027,-0.3822255022433261,79.06314345664438,78.65047316667182,78.98368883312422,134.95196263850747,100.0,BE
2007-04-01,1.4507703168789021,4.87706409931441,1.4507703168789021,3.9129711651468835,4.474564661911806,1.4673917419043114,-7.088209394228784,-0.11491468222004642,0.22524609203989243,2.005682957901378,1259.0,31.108590531908543,0.9881332860364578,0.612438524586423,0.96,0.18,1.0,0.0,0.0,0.0,0.0,2.0003116514525034,0.014680125713965708,-0.8947209687764008,-218.54367486899088,-0.5495413345736013,79.95254163855472,79.61530162448753,78.98368883312422,134.95196263850747,100.0,BE
2007-07-01,1.2908940447883488,-0.3253607228870692,1.2908940447883488,3.5837681096551055,0.5918280097471751,1.355784673566074,-6.521588875650508,-0.33249297923809706,1.1379093673670466,3.8940160150302994,1283.0,29.947157788398027,-0.7427757643561184,-0.3442240714746905,0.96,0.18,1.0,0.0,0.0,0.0,0.0,1.8584281301196726,0.00798862009580148,-1.0228093169602324,-218.31437768583234,-0.5675340853313238,80.07092457886384,79.55056872476187,80.48933500627352,139.83897943165243,100.0,BE
2007-10-01,2.695497597164831,6.167573885462474,2.695497597164831,3.3612571261905977,3.207933132529739,1.3934200432832888,4.083651260920984,1.26530730768466,1.0928601589700042,3.8940160150302994,1283.0,30.02596902952775,-0.3695432327699866,0.1002646860900197,0.96,0.18,1.0,0.0,0.0,0.0,0.0,2.0258420235287042,0.9581618866701831,0.4622442365080959,-219.05428787406552,0.6696555736361267,80.7156618957208,80.78665885761845,80.48933500627352,139.83897943165243,100.0,BE
2008-01-01,3.7765004520614376,4.386724546355936,3.7765004520614376,3.3880348390251225,5.27781355191177,1.4673721814075336,11.722231142601913,2.150951505019183,1.1996438014608364,3.970938215084985,1310.0,29.741012902128944,-0.22703441166231353,0.35154902674422317,0.96,0.18,1.0,0.0,0.0,0.0,0.0,2.375973709235251,0.8205418805879106,1.638803466965534,-218.83151562267656,1.4005267428261865,81.78772456139907,81.67750685860487,82.1831869510665,139.83897943165243,100.0,BE
2008-04-01,4.859102489297751,9.207472248259663,4.859102489297751,3.191530666019693,3.688547969890088,1.4573575241252357,19.980500239763856,2.981803455504961,1.39318886566108,3.970938215084985,1310.0,30.198685389901403,-0.9099051420071391,-0.8587717570123219,0.96,0.18,1.0,0.0,0.0,0.0,0.0,2.872599465247751,2.325507751384066,2.8587908378452473,-220.2112466922689,1.9865030240499997,82.54540749314225,83.57942110292532,82.1831869510665,139.83897943165243,100.0,BE
2008-07-01,5.4187540422069524,1.9132454887497374,5.4187540422069524,4.393346766507422,5.399092411698092,1.9198485783700647,20.45810318282126,1.9499058818375659,0.49387286990715396,4.04789894809543,1336.0,30.333265708858193,0.38610792046016584,-0.3173659216993592,0.96,0.18,1.0,0.0,0.0,0.0,0.0,3.3818303806395913,1.3535199536377434,3.56032591208728,-219.33978496153182,2.036923661567361,83.66713656938101,83.98014857741748,83.81430363864492,144.65794594892213,100.0,BE
2008-10-01,3.50544785785587,-1.4856508519418554,3.50544785785587,3.749516053125168,0.6326102790007226,2.391798999613748,5.263508814498286,0.5082727117180053,1.0845183469964477,4.04789894809543,1336.0,30.93414727761227,0.908178248084518,0.6650705886482813,0.96,0.18,1.0,0.0,0.0,0.0,0.0,3.406553876082847,0.8207617279568069,1.4796058343271659,-218.81021967879616,0.09889398177302322,83.79956298619017,83.66881415492743,83.81430363864492,144.65794594892213,100.0,BE
2009-01-01,1.5392121126811098,-3.4782184343431055,1.5392121126811098,1.8814662128977755,-2.194385808997801,2.1577662610511084,-7.8009367725341505,1.553288672944797,-0.10180953569210693,5.7836724871553,1388.0,31.640324177637613,1.8993112755086694,0.6483686058648015,0.96,0.18,1.0,0.0,0.0,0.0,0.0,3.0330855234024994,0.5332199284024455,-0.8367615965541413,-218.48926152245986,-1.4938734107213896,83.34110026158494,82.94442218180698,87.07653701380175,144.65794594892213,100.0,BE
2009-04-01,-0.19196698157450953,2.2827558712371854,-0.19196698157450953,1.0810809838679436,0.4870070537707605,2.445794105213217,-20.3496322475746,0.3023515872012439,0.194432464048516,5.7836724871553,1388.0,32.398021095864834,2.1993357059634344,1.778802796378874,0.96,0.18,1.0,0.0,0.0,0.0,0.0,2.3880750224070977,1.069750585142799,-3.0645664468222606,-218.93819872682644,-2.580042003981607,83.44263131620866,83.41913011312845,87.07653701380175,144.65794594892213,100.0,BE
2009-07-01,-1.1592406555564594,-1.955849207178062,-1.1592406555564594,0.186906290358424,1.8223936376600136,2.0187078125313285,-22.469266053216952,-0.3629963714605111,-0.339385679807247,3.818378697015934,1388.0,32.32004693630597,1.9867812274477759,0.8422470541652567,0.96,0.18,1.0,0.0,0.0,0.0,0.0,1.6786118868143862,0.17030194808359056,-4.541071036196051,-217.99363801561694,-2.837852542370846,83.82366194290944,83.01223760056719,87.07653701380175,147.40540150268515,100.0,BE
2009-10-01,-0.19176168431158658,2.384265033037636,-0.19176168431158658,0.4757633896431912,1.7880386761397915,1.6647580729601152,-12.861129361911594,-0.5369137832933912,-0.2531764856646541,3.818378697015934,1388.0,32.086058331663416,1.1519110540511523,0.8695444413551172,0.96,0.18,1.0,0.0,0.0,0.0,0.0,1.3045371725891917,0.48929791640620124,-3.5983155603944335,-218.14269460484144,-1.4962988569007782,84.19920053832286,83.50852316513054,87.07653701380175,147.40540150268515,100.0,BE
2010-01-01,1.1638564065563628,1.944253929128692,1.1638564065563628,0.5659269701641989,-1.83373148691377,1.255154469739228,0.044921982540913064,0.29619601667261186,-0.8419727090670568,0.0,1388.0,32.46920864370529,0.8288844660676753,-0.03330473851868698,0.96,0.18,1.0,0.0,0.0,0.0,0.0,1.2764010193826258,1.5718442463115707,-1.8692291168461366,-219.0871909588521,-0.11254461282626305,83.81408714298539,83.91541567769183,87.07653701380175,147.40540150268515,100.0,BE
2010-04-01,2.3807170835070224,7.150198579039824,2.3807170835070224,1.5840832240029634,4.5596320691258185,1.1144998844829779,9.727457847783239,-0.14115434519608172,-0.5474374550391348,0.0,1388.0,31.90092563967339,-0.4970954561914487,-0.8784512280123247,0.96,0.18,1.0,0.0,0.0,0.0,0.0,1.4972642322075052,2.23785877487731,-0.0073579389000753,-219.73483258633055,0.8834528512995172,84.77495675227944,85.42893252365835,87.07653701380175,147.40540150268515,100.0,BE
2010-07-01,2.551645145426029,-1.2721369595020349,2.551645145426029,1.5064567811120977,1.5118878660965507,0.9437114065240948,10.233755899214492,1.1103453352134807,-0.7429022010112103,0.0,1388.0,31.92248760703019,-0.3975593292757762,-0.879561509889405,0.96,0.18,1.0,0.0,0.0,0.0,0.0,1.70814041485121,1.3933621646243353,0.8730332586116429,-219.0388263799309,0.8435047305748191,85.09598864652204,85.1576708486175,87.07653701380175,148.24197338545966,100.0,BE
2010-10-01,3.114407128410246,4.635312964974503,3.114407128410246,2.020092877409807,3.842583061330629,1.2556606001520088,12.200004321449365,0.8365982125034144,-0.07002995189861494,0.0,1388.0,31.99010504427634,-0.09595328738707942,0.37484016466284487,0.96,0.18,1.0,0.0,0.0,0.0,0.0,1.9893937575630172,1.4817040626574567,1.8098699558210543,-219.23700885584188,1.1250133708472287,85.91739876175698,86.15024197774424,87.07653701380175,148.24197338545966,100.0,BE
2011-01-01,3.380481506673849,3.008551442183105,3.380481506673849,3.598537099161714,4.480045400093857,1.6314637754849315,12.416507534701005,-1.8189125499253667,0.5611683070446363,1.9265669010588127,1415.0,32.14458089773154,-0.324627745973749,0.5458724566943036,0.96,0.18,1.0,0.0,0.0,0.0,0.0,2.2676113073851836,0.9782955336388,2.104080487291223,-218.8691353663642,1.1128701992886656,86.88509240303338,86.80065349403534,88.77038895859474,148.24197338545966,100.0,BE
2011-04-01,3.06644978061712,5.894071674812906,3.06644978061712,2.5432355343260937,0.33842580978333814,1.326179826855256,12.705839686943365,-0.7573747506417039,0.7723610983882132,1.9265669010588127,1415.0,31.902207369624485,0.0012817299510969882,1.1119105350796459,0.96,0.18,1.0,0.0,0.0,0.0,0.0,2.4273790020315706,2.305165973404513,1.5691855484096147,-220.25804683262163,0.6390707785855492,86.95863390346027,88.08914645047933,88.77038895859474,148.24197338545966,100.0,BE
2011-07-01,3.496399535968564,0.4476620619037419,3.496399535968564,3.68871479685029,6.093804916193335,1.6481330393005145,12.882185191576045,-1.6859134917797558,0.0569291580141682,3.9553178386021237,1444.0,32.210824318892755,0.2883367118625635,0.1670933221001092,0.96,0.18,1.0,0.0,0.0,0.0,0.0,2.6411831088189692,0.6234146113121426,1.788259121117354,-218.84651111904918,0.8552164271495948,88.29354885120703,88.18778705958509,90.58971141781682,153.67366029568026,100.0,BE
2011-10-01,3.249199041731643,3.6465109880268187,3.249199041731643,3.0412875919900717,1.2528742418897565,1.458791774923096,12.01903828858204,-0.6840041123065355,0.4198287451251206,3.9553178386021237,1444.0,32.24353310116604,0.25342805688969294,-0.20239618774542079,0.96,0.18,1.0,0.0,0.0,0.0,0.0,2.762786295401504,1.164417930055265,1.2598052841686258,-219.44492030558348,0.4864127463301391,88.57053419220868,88.99540704663853,90.58971141781682,153.67366029568026,100.0,BE
2012-01-01,3.1977284708471387,2.802669158645088,3.1977284708471387,2.9948035887323865,4.294109387063116,1.862701374752529,8.49003474380332,-0.19878978067211506,0.19773379983574557,2.028750937543311,1444.0,32.6950885934805,0.5505076957489585,-0.08987197399940361,0.96,0.18,1.0,0.0,0.0,0.0,0.0,2.8497747304906307,0.7253725258149473,0.9301171634619552,-219.07206024847895,0.34795374035650806,89.52648511444112,89.6211584106532,90.58971141781682,153.67366029568026,100.0,BE
2012-04-01,2.5326556240107045,3.2337802874671695,2.5326556240107045,3.686079876327364,3.1035309601632477,1.934228257273407,1.5935234278582566,-0.8179042187167695,0.3572963918620262,2.028750937543311,1444.0,32.53964190008023,0.6374345304557383,0.7500686166488083,0.96,0.18,1.0,0.0,0.0,0.0,0.0,2.7863509091946455,0.7557028663203198,0.1052766219791339,-219.10462258030492,-0.2536952851839409,90.22380736350067,90.34863290280818,90.58971141781682,153.67366029568026,100.0,BE
2012-07-01,2.3695499359297933,-0.20476069041990286,2.3695499359297933,2.6887582828464485,2.1045185422696733,1.789095088009418,1.6269635931903448,0.4551242720137072,-0.11142333519965053,1.9204979836049851,1472.0,32.36145189948388,0.15062758059112835,-0.4067680872910254,0.96,0.18,1.0,0.0,0.0,0.0,0.0,2.702990714541675,0.17745704181675137,-0.2716331728891759,-218.52730277213251,-0.3334407786118816,90.69975249868452,90.30239511728986,92.34629861982434,158.34549150416254,100.0,BE
2012-10-01,2.277222721292116,3.277202129476109,2.277222721292116,3.047043630241353,2.686015631469374,1.7914679514939635,-0.6496781103043858,0.6959375878934804,-0.6501430622613293,1.9204979836049851,1472.0,32.77039654762309,0.5268634464570598,-0.4992078445274768,0.96,0.18,1.0,0.0,0.0,0.0,0.0,2.617837115891763,0.3943831012185228,-0.485563574109388,-218.6750993966342,-0.34061439459964715,91.31085437131439,91.04528220461764,92.34629861982434,158.34549150416254,100.0,BE
2013-01-01,1.4613753653724082,-0.46072026503374275,1.4613753653724082,2.0174042935131364,0.17555204015025083,1.454469385505508,-4.860224053844631,1.8390876477591966,-0.865520326638662,3.9380512871308504,1502.0,33.22723404255319,0.5321454490726962,-0.789965112230363,0.96,0.18,1.0,0.0,0.0,0.0,0.0,2.386544765787892,0.27227534165149336,-1.3883993651182225,-218.51603132033821,-0.9251694004154838,91.35093768348689,90.94047655744274,94.22835633626097,158.34549150416254,100.0,BE
2013-04-01,1.3453953550962794,2.7698602463626543,1.3453953550962794,2.2881105029392224,4.186355797867591,1.4488246375644387,-7.799793050277604,2.329084322585606,-0.5775496607319788,3.9380512871308504,1502.0,33.26387124099958,0.7242293409193523,0.049955915758329694,0.96,0.18,1.0,0.0,0.0,0.0,0.0,2.1783148836495694,-0.03569767076157859,-1.440955554098366,-218.16190743246193,-0.83291952855329,92.31202705739247,91.57239295952652,94.22835633626097,158.34549150416254,100.0,BE
2013-07-01,1.238248371303463,-0.633348625591168,1.238248371303463,2.3281704695431227,2.2647584086852746,1.5275933969482125,-7.161715199383245,1.1933078923680451,-0.7229597307073385,2.0175533035258653,1502.0,33.10033859666767,0.7388866971837882,0.4694915476308701,0.96,0.18,1.0,0.0,0.0,0.0,0.0,1.9903015811803482,-0.695186862923066,-1.4647423432382118,-217.43738067389287,-0.7520532098768851,92.836170578997,91.42751456490245,94.22835633626097,161.57240070764902,100.0,BE
2013-10-01,0.9200503016862704,2.0044098510073383,0.9200503016862704,1.9111926696714132,1.018104431982536,1.552282276346073,-7.60007825613922,0.44136932238258986,-0.6349999999999989,2.0175533035258653,1502.0,33.53834716050217,0.7679506128790758,0.636189642787645,0.96,0.18,1.0,0.0,0.0,0.0,0.0,1.7762513252815326,-0.29088340198887863,-1.6977868142054926,-217.68395702864902,-0.8562010235952622,93.07276383886406,91.88680990105115,94.22835633626097,161.57240070764902,100.0,BE
2014-01-01,0.9143884882466757,-0.4833675187921216,0.9143884882466757,2.3277026563269576,1.8415919867724284,1.450724086813615,-6.010472792079424,-0.7823727591242946,-0.7950000000000017,0.0,1502.0,33.04703884949566,-0.18019519305753628,-0.684027577433067,0.96,0.18,1.0,0.0,0.0,0.0,0.0,1.6038787578745612,-0.7584906617635738,-1.4721562775412163,-217.10271715225792,-0.6894902696278855,93.50225690914058,91.77583921580717,94.22835633626097,161.57240070764902,100.0,BE
2014-04-01,0.6709858434912341,1.7962496673408879,0.6709858434912341,0.40081177188482364,-3.5212077399009445,1.5566504697662964,-6.064900613854185,0.6208479942301892,-0.35999999999999943,0.0,1502.0,33.50953687648356,0.24566563548398257,0.19590070889979622,0.96,0.18,1.0,0.0,0.0,0.0,0.0,1.4173001749978957,0.7556355631606664,-1.5073290401583352,-218.43208150406838,-0.7463143315066616,92.68276701707653,92.18889676643754,94.22835633626097,161.57240070764902,100.0,BE
2014-07-01,0.37690177878779707,-1.8096848844049163,0.37690177878779707,0.5289782367957852,2.7774242683291206,1.4538016689010114,-7.683848274949012,0.19058426567428732,-0.7300000000000004,0.0,1502.0,33.20300098584724,0.10266238917956971,-0.2086828022333272,0.96,0.18,1.0,0.0,0.0,0.0,0.0,1.209220495755876,-0.407397645050537,-1.613399802392551,-217.28530421588493,-0.832318716968079,93.32855487196079,91.77275669677262,94.22835633626097,165.37743895675524,100.0,BE
2014-10-01,-0.003354747807193803,0.48338374462737477,-0.003354747807193803,0.42125254100504606,0.5872016488195797,1.33035152647345,-9.022277505207654,-0.4383252537297988,-0.5999999999999996,0.0,1502.0,33.09607362775607,-0.4422735327460958,-0.6138256224259622,0.96,0.18,1.0,0.0,0.0,0.0,0.0,0.9667054470432621,-0.3282761001593997,-1.7796060730887264,-217.25934973983684,-0.9700601948504559,93.46566218764742,91.88372738201659,94.22835633626097,165.37743895675524,100.0,BE
2015-01-01,-0.38700389874470886,-2.017964122542182,-0.38700389874470886,-0.11125250984651558,-0.2884282166338181,1.6152918309190412,-14.948005484805504,0.55469720516923,-0.7899999999999991,0.0,1502.0,33.383508394673726,0.33646954517806416,-0.2575158507859867,0.96,0.18,1.0,0.0,0.0,0.0,0.0,0.6959635778856679,-0.677106057879314,-1.99088265661927,-216.8269657633598,-1.0829674766303767,93.39829114455054,91.42134952683334,94.22835633626097,165.37743895675524,100.0,BE
2015-04-01,0.6897613192174745,6.103310539189621,0.6897613192174745,0.7888318736378519,0.07912979403652542,1.4895105805099007,-7.270760260771736,0.8171322280966731,-0.47999999999999865,0.0,1502.0,33.4394221731172,-0.0701147033663585,-0.13264391299696324,0.96,0.18,1.0,0.0,0.0,0.0,0.0,0.6947231261520292,0.9213324960823286,-0.7275388557804212,-218.33301094964804,-0.0049618069345547244,93.41676944107414,92.82697820659044,94.22835633626097,165.37743895675524,100.0,BE
2015-07-01,0.8328782278764102,-1.2372172497691736,0.8328782278764102,-0.33693318094898395,-1.7256359500182228,1.5998190237491272,-6.18530884889128,2.2786110739288823,-0.19500000000000028,0.0,1502.0,33.64447313109247,0.44147214524522527,0.6369053259846333,0.96,0.18,1.0,0.0,0.0,0.0,0.0,0.7223541464969054,0.9422882562404311,-0.3763422678794659,-218.45511562471032,0.11052408137950476,93.01462916022423,92.54030393637682,94.22835633626097,165.19355471208092,100.0,BE
2015-10-01,1.3263766284917544,2.4573773470887517,1.3263766284917544,0.025935714452041125,2.03867723042368,1.773143375859565,-5.162473610910379,3.0408816348461265,-0.5549999999999997,0.0,1502.0,33.264769740601075,0.16869611284500152,0.10374285699965763,0.96,0.18,1.0,0.0,0.0,0.0,0.0,0.8431586428958753,0.9519596187773516,0.3596711814484923,-218.5597906538765,0.48321798559587914,93.48990631871153,93.1105699577695,94.22835633626097,165.19355471208092,100.0,BE
2016-01-01,1.5191859850092193,-1.2467266964723223,1.5191859850092193,0.6051108163065422,2.028272190784186,1.834485439176614,-5.719782714177457,2.912522986602939,-0.2900000000000009,0.0,1502.0,33.02530359475543,-0.35820479991829357,-0.5567281827039546,0.96,0.18,1.0,0.0,0.0,0.0,0.0,0.9783641113185441,0.02622944417976214,0.8232224071235514,-217.74104093206242,0.5408218736906752,93.9651676924409,92.82081316852133,94.22835633626097,165.19355471208092,100.0,BE
2016-04-01,1.6303903460427094,6.548127983323582,1.6303903460427094,0.34433637923321214,-0.9639679542567947,1.8312206451826185,-3.2862143698937807,2.975024436335527,0.16999999999999993,0.0,1502.0,33.37540657313462,-0.06401559998258088,-0.12262798415933467,0.96,0.18,1.0,0.0,0.0,0.0,0.0,1.108769358263377,1.9271155796060668,0.9356672198906801,-219.61906491645746,0.5216209877793323,93.738991808605,94.3528251286952,94.22835633626097,165.19355471208092,100.0,BE
2016-07-01,1.923358259317709,-0.06534559666917517,1.923358259317709,1.1811888173090423,1.621773802285098,1.8794006842427713,-0.8741109315880458,1.8743628744235075,0.3849999999999998,1.9776517976456631,1532.0,32.961871286036285,-0.6826018450561799,-0.2302744489290492,0.96,0.18,1.0,0.0,0.0,0.0,0.0,1.2716871384742434,1.2897872208607737,1.2010041128208035,-219.19728506671893,0.6516711208434656,94.11982191519945,94.33741253352241,96.11041405269762,166.19618924512596,100.0,BE
2016-10-01,1.9409172662070873,2.527613374646265,1.9409172662070873,0.5933873177570437,-0.3125287677843147,1.4072957739100111,4.444366255068255,1.811557878955039,0.9900000000000011,1.9776517976456631,1532.0,33.508061946338664,0.24329220573758858,1.000503237886495,0.96,0.18,1.0,0.0,0.0,0.0,0.0,1.4055331640208122,1.8425827121703264,1.097758623311212,-219.9073206023266,0.5353841021862751,94.04631275617955,94.9354212262261,96.11041405269762,166.19618924512596,100.0,BE
2017-01-01,2.912795513013311,2.6407862907525725,2.912795513013311,1.0929251197168366,4.026423398623358,1.4046373175530036,15.781179072227847,0.6365786240814408,0.4150000000000009,1.9776517976456631,1532.0,32.99057679986248,-0.0347267948929475,-0.1679569590559014,0.96,0.18,1.0,0.0,0.0,0.0,0.0,1.706985633819312,1.3102794303534324,1.9344314016947668,-219.5609113253589,1.205809879193999,94.99776911556573,95.5642551092753,96.11041405269762,166.19618924512596,100.0,BE
2017-04-01,2.0149126869403844,2.9565966790318754,2.0149126869403844,1.9803324555105473,2.585661388918048,1.483095220336228,6.879414911395321,-1.328843548207681,1.115000000000001,1.9776517976456631,1532.0,32.79346005501175,-0.5819465181228667,-0.3929474327408198,0.96,0.18,1.0,0.0,0.0,0.0,0.0,1.7685710444435263,1.3212418553739553,0.9061433286770073,-219.65364514788735,0.24634164249685808,95.61383831235602,96.27323448722296,96.11041405269762,166.19618924512596,100.0,BE
2017-07-01,1.9030932310690751,-0.5126234201544122,1.9030932310690751,1.8402754104970942,1.0615456222312858,1.5390913589577337,3.762676805465359,-0.4599247827798969,1.089999999999999,2.003298012094046,1563.0,33.21195359913959,0.2500823131033003,0.12532934979801125,0.96,0.18,1.0,0.0,0.0,0.0,0.0,1.795475481768636,0.8355360199582549,0.6314060925948317,-219.2601028872909,0.1076177493004391,95.86792144298734,96.14993372584077,98.05520702634881,168.02255135086025,100.0,BE
2017-10-01,1.9772067167213692,2.824067317255441,1.9772067167213692,2.5636461613736117,2.580954235721755,1.4391529535426884,3.9885921480144138,-0.8614910457921621,1.795,2.003298012094046,1563.0,33.368130181148295,-0.13993176519036532,0.7986246467057544,0.96,0.18,1.0,0.0,0.0,0.0,0.0,1.8318217287591827,0.8601208294402056,0.571673552700557,-219.32088115767434,0.14538498796218646,96.4884981849438,96.83117043247744,98.05520702634881,168.02255135086025,100.0,BE
2018-01-01,1.565007218866743,0.9919882993340678,1.565007218866743,1.9239116083719754,1.4674851866168126,1.2983621219645691,-0.2084290780686171,0.40752120098979105,1.780000000000002,2.003298012094046,1563.0,33.08439246815021,0.09381566828773336,0.6365861443826032,0.96,0.18,1.0,0.0,0.0,0.0,0.0,1.7784588267806947,0.6627714064728139,-0.1419784149525689,-219.2020069358537,-0.21345160791395168,96.84313692545969,97.0716069171727,98.05520702634881,168.02255135086025,100.0,BE
2018-04-01,2.1382211224294068,5.2494522932825305,2.1382211224294068,1.815818341004105,2.153288319446567,1.1912145725616163,5.544406176142225,1.042819072266532,1.7700000000000005,2.003298012094046,1563.0,33.13697057579603,0.3435105207842737,0.7636907827443677,0.96,0.18,1.0,0.0,0.0,0.0,0.0,1.8504112859104371,1.3832454086711437,0.36965007798588045,-219.97604792931264,0.28780983651896963,97.36587064752183,98.35393483554762,98.05520702634881,168.02255135086025,100.0,BE
2018-07-01,2.694830667257442,1.713814759157728,2.694830667257442,1.4159610370486408,-0.5378835935905713,1.24563323064395,11.10768759404781,1.4283985982050496,2.030000000000001,0.0,1563.0,32.837443411960926,-0.3745101871786616,-0.2047754580842001,0.96,0.18,1.0,0.0,0.0,0.0,0.0,2.019295162179838,1.7423306614012688,0.8993551854888058,-220.53897251749973,0.6755355050776037,97.23502987762477,98.77623994328167,98.05520702634881,171.2864533402,100.0,BE
2018-10-01,2.7287979377653038,2.959936399286889,2.7287979377653038,1.9214097140057618,4.602748943550239,1.349066082210637,10.316999593728715,0.6143440523499244,1.8899999999999997,0.0,1563.0,32.65062520925222,-0.7175049718960769,-0.6283780626798107,0.96,0.18,1.0,0.0,0.0,0.0,0.0,2.1611957172969314,1.1175159828572703,0.8969762090061211,-220.12826938143388,0.5676022204683724,98.36036307103745,99.50987947350575,98.05520702634881,171.2864533402,100.0,BE
2019-01-01,1.968369424382832,-2.049725754195819,1.968369424382832,1.9940367441672269,1.757993307262673,1.449902447418605,4.161796859168376,-0.4128901906964355,1.740000000000001,1.9639528928683703,1594.0,32.67760986624978,-0.4067826019004295,-0.36903598618142675,0.96,0.18,1.0,0.0,0.0,0.0,0.0,2.1226304587141116,0.025672302137621728,0.18991059760213735,-219.17633961606936,-0.15426103433127958,98.79360657258162,99.00126383280418,100.0,171.2864533402,100.0,BE
2019-04-01,1.6443495627334492,3.9533728466849993,1.6443495627334492,2.0086793933434155,2.2118589161513214,1.6103916063693546,0.5569813154843395,-0.788045934793935,1.8950000000000005,1.9639528928683703,1594.0,32.22365274967813,-0.9133178261178931,-0.9408876200612187,0.96,0.18,1.0,0.0,0.0,0.0,0.0,2.026974279517979,0.43868163014980155,-0.2060617231769879,-219.61171809870274,-0.3826247167845298,99.34141356534185,99.98458740482724,100.0,171.2864533402,100.0,BE
2019-07-01,0.8730966305050991,-1.3711969697556725,0.8730966305050991,2.3978746835688014,1.0188975673109724,1.4908677906998236,-6.745713590351343,-1.1813334015510435,1.9200000000000008,1.9639528928683703,1594.0,32.873260408911285,0.03581699695036078,0.1992424934287568,0.96,0.18,1.0,0.0,0.0,0.0,0.0,1.796198749715403,-0.24627994072267256,-1.146198531674739,-219.01419446443603,-0.9231021192103039,99.59478293667647,99.64242779199162,100.0,174.73624894585427,100.0,BE
2019-10-01,0.49132555615756246,1.4328521018967422,0.49132555615756246,1.6532277400089779,1.6241611693109448,1.4872851069897663,-9.073780537411036,-0.6388670408406405,1.75,1.9639528928683703,1594.0,32.84387728942946,0.19325208017723638,0.36027433268721526,0.96,0.18,1.0,0.0,0.0,0.0,0.0,1.535224111003835,-0.26834136025996713,-1.669870161139369,-218.96636719758246,-1.0438985548462725,99.99999999999999,100.0,100.0,174.73624894585427,100.0,BE
2020-01-01,0.9482562532720173,-0.2220029657379996,0.9482562532720173,-0.4259250943701609,-6.558618030253882,1.597819738857087,-5.7625654481129995,2.475839781483735,1.665,0.0,1594.0,34.322907955622455,1.645298089372671,1.6146904215666498,0.96,0.18,1.0,0.0,0.0,0.0,0.0,1.4178305394574715,1.3422600729464023,-1.1743742054420943,-220.55052096371145,-0.46957428618545416,98.37371465785178,99.94451465737801,100.0,174.73624894585427,100.0,BE
2020-04-01,-0.0030830417292015966,0.14801566668012356,-0.0030830417292015966,-6.24176628794868,-21.051505858162756,1.3193706649441417,-11.54244655096388,9.343839712066782,1.4000000000000004,0.0,1594.0,39.9291164452776,7.705463695599468,7.433473139624348,0.96,0.18,1.0,0.0,0.0,0.0,0.0,1.1336478232201368,6.462483220146908,-2.0300573212471806,-225.85040134492215,-1.1367308649493384,93.33030581392221,99.98150488579269,100.0,174.73624894585427,100.0,BE
2020-07-01,0.4290858425537003,0.3574785673759351,0.4290858425537003,0.07023923732827342,26.266919668418787,1.2431809405382133,-11.987236588650907,2.9064133348938537,0.10999999999999943,1.9876430757594932,1626.0,34.54855852630999,1.6752981173987047,0.4252458085485964,0.96,0.18,1.0,0.0,0.0,0.0,0.0,0.9927354270868495,-0.7537671456290127,-1.3671129071617028,-219.3730410696615,-0.5636495845331492,99.6647621261774,100.07089793779477,102.00752823086574,173.99358612901824,100.0,BE
2020-10-01,0.33543137419149716,1.0582342284479296,0.33543137419149716,-0.1888320327248394,0.5878760890984935,1.2252964464860128,-10.831178090945226,2.460450782006207,0.47499999999999964,1.9876430757594932,1626.0,36.08157862077525,3.237701331345788,2.326162975963588,0.96,0.18,1.0,0.0,0.0,0.0,0.0,0.861274616507779,-0.6663329982109758,-1.1997927368123378,-219.4906306044988,-0.5258432423162819,99.8113461427896,100.3359945747665,102.00752823086574,173.99358612901824,100.0,BE
2021-01-01,0.8415283076965707,1.8023847682822947,0.8415283076965707,1.420961191455472,-0.1194451335326363,0.7770529883412536,-0.9735994309465923,-0.6359829505384607,-0.41000000000000014,1.9876430757594932,1626.0,35.52782951681823,1.2049215611957764,-0.06326796692584291,0.96,0.18,1.0,0.0,0.0,0.0,0.0,0.8573253547455374,-0.23717578663334393,-0.5763022317609008,-219.97108807995255,-0.015797047048966673,99.78154564349659,100.7891248728461,102.00752823086574,173.99358612901824,100.0,BE
2021-04-01,2.346238032765857,6.166854566957269,2.346238032765857,8.835536793407206,8.60679654964418,0.9996546036272314,7.944434072233664,-8.607675483010446,0.1900000000000004,1.9876430757594932,1626.0,35.005016405000134,-4.924100040277468,-4.728373814656448,0.96,0.18,1.0,0.0,0.0,0.0,0.0,1.1551078903496013,-0.9257232529522241,1.2125902095457204,-219.36110258428076,1.191130142416256,101.95180934112335,102.35504454240007,102.00752823086574,173.99358612901824,100.0,BE
2021-07-01,3.24280664321579,3.9437530091756656,3.24280664321579,3.271420522131274,4.0104545833150596,1.1820250283982148,18.75126638553901,-2.4959245533811014,-0.08999999999999986,0.0,1626.0,33.38567961480059,-1.1628789115094074,-1.4035747024631526,0.96,0.18,1.0,0.0,0.0,0.0,0.0,1.572647640922839,-1.030511328390162,2.2500712161289402,-219.3444271907459,1.670159002292951,102.97913353419003,103.36919330476864,102.00752823086574,176.48361675059076,100.0,BE
2021-10-01,6.168306571387117,12.760233941133237,6.168306571387117,4.726616629999869,6.408660520572873,2.032540674200334,34.25736239050852,-2.757996514479455,0.2400000000000002,0.0,1626.0,33.23004010207802,-2.8515385186972275,-2.378454863741598,0.96,0.18,1.0,0.0,0.0,0.0,0.0,2.4917794270156945,0.5434928678221809,5.307031954879338,-220.932320545886,3.676527144371422,104.64231720018061,106.71989149533002,102.00752823086574,176.48361675059076,100.0,BE
2022-01-01,8.71948632286772,12.007103774204708,8.71948632286772,6.734419505375433,7.911766367969619,2.9470422308781608,43.86336096220127,-2.6603689773369688,0.6149999999999993,1.9489045587484988,1658.0,33.663861665554926,-1.863967851263304,-1.4460206107632179,0.96,0.18,1.0,0.0,0.0,0.0,0.0,3.7373208061860996,1.3643417536323454,7.862160968122183,-221.95615489744483,4.98216551668162,106.73268610289598,109.97194907678556,104.01505646173149,176.48361675059076,100.0,BE
2022-04-01,9.472137663242375,9.177459928455889,9.472137663242375,6.814930402412234,8.928840137791383,3.4236114462363965,42.85198753241728,-0.5535796725875564,0.23999999999999932,1.9489045587484988,1658.0,32.714622813632715,-2.290393591367418,-2.1060490797279554,0.96,0.18,1.0,0.0,0.0,0.0,0.0,4.884284177597355,1.1469256505469616,8.317029772892774,-222.018309845111,4.58785348564502,109.1419739748767,112.52427483739713,104.01505646173149,176.48361675059076,100.0,BE
2022-07-01,10.420579662301144,7.737521005410741,10.420579662301144,7.793750465699567,7.925734836464393,4.238874596031472,38.73979693007379,1.3408529846885564,0.4499999999999993,12.472892670749669,1842.0,32.43345782204043,-0.9522217927601551,-0.8574770171373157,0.96,0.18,1.0,0.0,0.0,0.0,0.0,5.991543274538112,0.823424962663097,8.847932021378305,-221.97125638734758,4.429036387763031,111.32611705274851,114.72211090903488,115.55834378920953,188.77809867011518,100.0,BE
2022-10-01,10.656137718924619,13.702466167627136,10.656137718924619,7.681346971500647,5.959046543777191,5.002515732834656,30.248137738426628,4.396085039456965,0.11500000000000021,12.472892670749669,1842.0,32.89434935742641,-0.3356907446516122,-0.8596985105614416,0.96,0.18,1.0,0.0,0.0,0.0,0.0,6.924462163415414,2.5298309249706676,8.164358291908924,-223.90711129331007,3.731675555509205,112.99702621400712,118.72013809685276,115.55834378920953,188.77809867011518,100.0,BE
2023-01-01,5.751339810292677,-7.612087860323058,5.751339810292677,8.80144842766546,12.39217219262887,6.062462181643458,-20.635239769032676,6.818852237738682,0.08499999999999908,16.47781367242258,1955.0,32.18567094831572,-1.4781907172392084,-1.7643054168562213,0.96,0.18,1.0,0.0,0.0,0.0,0.0,6.689837692790866,-2.8889808268561126,2.0140190041065775,-218.90604628007205,-0.9384978824981891,116.5525136231526,116.4822292777658,122.64742785445421,188.77809867011518,100.0,BE
2023-04-01,2.5184252057547596,-3.7541984896957814,2.5184252057547596,7.201713636066831,2.52990097139687,6.331409384818443,-45.74175299143106,6.08025334654525,0.15500000000000114,16.47781367242258,1955.0,32.454540368153076,-0.2600824454796369,-0.5967209167311032,0.96,0.18,1.0,0.0,0.0,0.0,0.0,5.855555195383645,-4.348957602606532,-2.365858971842595,-217.3350214147989,-3.3371299896288855,117.29201553483503,115.39410005856787,122.64742785445421,188.77809867011518,100.0,BE
2023-07-01,1.549054503421754,3.860038196078719,1.549054503421754,6.463998721931752,4.9748751799240765,5.866617682392938,-45.11937965390898,4.58687176815471,0.4300000000000006,5.953825560421411,1955.0,32.6272690959123,0.19381127387186892,0.3201965689101346,0.96,0.18,1.0,0.0,0.0,0.0,0.0,4.994255056991267,-4.338948005633114,-4.442488771116358,-217.0563121688376,-3.4452005535695127,118.7599076807817,116.51305446811136,122.64742785445421,206.14642730709323,100.0,BE
2023-10-01,-0.6486171295811083,4.911779635615687,-0.6486171295811083,6.394270336730257,5.6801330029712105,5.045958967195219,-51.61381745209175,1.5737141050576664,0.21499999999999986,5.953825560421411,1955.0,32.974016660230596,0.07966730280418721,0.06673299715315723,0.96,0.18,1.0,0.0,0.0,0.0,0.0,3.865680619676792,-4.1786139314708635,-7.573079292996522,-216.86422382699863,-4.5142977492579,120.45836867277197,117.95259085724855,122.64742785445421,206.14642730709323,100.0,BE
2024-01-01,2.9259695089574045,6.686258693830993,2.9259695089574045,3.3678760491606674,0.2865950423505126,4.12666796073804,-10.522986249955135,1.2969851724248471,-0.08499999999999996,1.9752478102317284,1994.0,33.47999692006468,1.2943259717489608,0.8544736062209501,0.96,0.18,1.0,0.0,0.0,0.0,0.0,3.6777383975329143,-2.2218096048449354,-3.763868183833462,-218.4641397398688,-0.7517688885755098,120.5447065272579,119.94081563453658,125.09410288582183,206.14642730709323,100.0,BE
2024-04-01,4.927978205471639,4.253836296361158,4.927978205471639,4.095713453156602,5.441250587380608,3.201759503297197,14.894928393497997,-0.23986581914243743,0.21499999999999986,1.9752478102317284,1994.0,33.52536683090584,1.0708264627527608,0.6607674791321201,0.96,0.18,1.0,0.0,0.0,0.0,0.0,3.927786359120659,-2.2936216433317895,-0.9275769899120059,-218.16728616711396,1.00019184635098,122.19569526065727,121.22314355291147,125.09410288582183,206.14642730709323,100.0,BE
2024-07-01,4.581506422448722,2.474151063987051,4.581506422448722,3.105644605281288,1.0145997884228208,3.0910784437512717,10.954399383407987,1.8029701350986027,0.03500000000000014,5.715841383994835,2070.0,33.71804644471404,1.0907773488017414,0.754968653613471,0.96,0.18,1.0,0.0,0.0,0.0,0.0,4.058530371786272,-1.7403518495808044,-0.4127486345425444,-218.532173986005,0.5229760506624501,122.50603800276095,121.97527819734287,129.86198243412798,213.2074187753935,100.0,BE
2024-10-01,4.47187435571248,4.4732513686707165,4.47187435571248,2.2020483787251077,2.065748096746489,2.8019074309858283,10.418616615205956,3.7210425372915523,-0.040000000000000036,5.715841383994835,2070.0,34.326003565832835,1.3519869056022427,1.1560807610099741,0.96,0.18,1.0,0.0,0.0,0.0,0.0,4.1411991685715135,-0.9258517359457983,0.6061937360356877,-219.13404980398604,0.3306751871409661,123.14034101790335,123.34699916771986,129.86198243412798,213.2074187753935,100.0,BE
2025-01-01,4.02975702181374,4.9177893582360355,4.02975702181374,3.480335243216892,5.39974250031765,2.135484526300946,9.772279423345465,2.374862088662333,-0.4850000000000003,3.740593573763107,2070.0,33.61850977747808,0.13851285741340313,-0.713806389062007,0.96,0.18,1.0,0.0,0.0,0.0,0.0,4.118910739219959,-0.8877101059381403,0.35201862428082586,-219.01356151846562,-0.08915371740621847,124.81392710244666,124.87284608982462,129.86198243412798,213.2074187753935,100.0,BE
2025-04-01,2.8872738906648543,-0.316096228234386,2.8872738906648543,3.0256063768720143,3.622335122001097,2.214897579002084,0.0925028611302725,1.7698329353315945,-0.15000000000000036,3.740593573763107,2070.0,33.65810359231412,0.13273676140828083,-0.3395719603753813,0.96,0.18,1.0,0.0,0.0,0.0,0.0,3.872583369508938,-1.6711466004366855,-1.040512468455805,-218.0289536809068,-0.9853094788440835,125.94935514868138,124.77420548071883,129.86198243412798,213.2074187753935,100.0,BE
2025-07-01,2.5992334041643694,1.3219891179851118,2.5992334041643694,2.933244800242818,0.6451534819060356,2.2512783422260263,-0.4417635956878829,0.6560695645091652,-0.3650000000000002,2.0086758566737473,2112.0,33.74666652831246,0.0286200835984185,-0.3955541610481771,0.96,0.18,1.0,0.0,0.0,0.0,0.0,3.617913376440024,-1.2749903217273868,-1.4592969676219028,-218.19816258992654,-1.0186799722756548,126.1526607212758,125.18726303134923,132.49686323713928,220.7583890771294,100.0,BE
2025-10-01,2.409814659384768,3.715576389552311,2.409814659384768,2.446831403037031,0.12009450792334064,2.7048509243948082,-3.2208227356985475,0.1961787861481934,-0.4500000000000002,2.0086758566737473,2112.0,33.803963600012366,-0.52203996582047,-0.7039009799877345,0.96,0.18,1.0,0.0,0.0,0.0,0.0,3.376293633028973,-0.17383769068496235,-1.7313845091867455,-219.0970330603338,-0.9664789736442048,126.1905420119413,126.35553774544559,132.49686323713928,220.7583890771294,100.0,BE
2026-01-01,,,,1.7145761469687049,2.4707214760443463,,,,-0.47499999999999964,2.0086758566737473,2112.0,33.87390352004772,0.25539374256963177,-0.1568476331032143,0.96,0.18,1.0,0.0,0.0,0.0,0.0,3.182997838300132,,,,,126.97240844937436,126.35553774544559,132.49686323713928,220.7583890771294,100.0,BE
2026-04-01,,,,1.5662932940153862,3.029203710187822,,,,-0.3700000000000001,2.0086758566737473,2112.0,,,,0.96,0.18,1.0,0.0,0.0,0.0,0.0,3.028361202517059,,,,,127.93762184835275,126.35553774544559,132.49686323713928,220.7583890771294,100.0,BE
