,gp,gp_q,pi_yoy,gw,gw_q,gp_core,grpe,grpf,slack,dmw,minwage,transfer_share,h,h_disc,cov_benchmark,lambda,wedge,scheme,populist,election,pistar,catchup,catchup_bb,real_wage,pigap,lvl_wage,lvl_price,lvl_minwage,lvl_benefit,lvl_handout,country
1960-01-01,2.20331426051521,-0.7573041779183054,2.20331426051521,,,,,,,0.0,,,,,0.0,0.0,0.0,0.0,0.0,0.0,1.3793228915083167,,,,0.8239913690068934,,2.5558978800756553,,100.0,100.0,ES
1960-04-01,0.797035426485293,-1.0300793400991548,0.797035426485293,,,,,,,0.0,,,,,0.0,0.0,0.0,0.0,0.0,0.0,1.262865398503712,,,,-0.4658299720184189,,2.5493244037069798,,100.0,100.0,ES
1960-07-01,0.9325577181413691,0.5695389981088983,0.9325577181413691,,,,,,,0.0,,,,,0.0,0.0,0.0,0.0,0.0,0.0,1.1968038624312434,,,,-0.26424614428987425,,2.552956838276584,,100.0,100.0,ES
1960-10-01,0.760392791884501,4.259415687446566,0.760392791884501,,,,,,,0.0,,,,,0.0,0.0,0.0,0.0,0.0,0.0,1.1095216483218948,,,,-0.3491288564373938,,2.5802873560844892,,100.0,100.0,ES
1961-01-01,1.2108247458286758,1.0444236378583938,1.2108247458286758,,,,,,,0.0,,,,,0.0,0.0,0.0,0.0,0.0,0.0,1.129782267823251,,-0.16849814567964083,,0.08104247800542486,,2.5870334422344983,,100.0,100.0,ES
1961-04-01,0.8042041312435577,-2.6565617984396273,0.8042041312435577,,,,,,,0.0,,,,,0.0,0.0,0.0,0.0,0.0,0.0,1.0646666405073124,,-0.4586612672601542,,-0.2604625092637547,,2.5699088353648745,,100.0,100.0,ES
1961-07-01,0.34497110946444254,-1.2673930890075624,0.34497110946444254,,,,,,,0.0,,,,,0.0,0.0,0.0,0.0,0.0,0.0,0.9207275342987384,,-0.8518327529668008,,-0.5757564248342959,,2.5617790100285966,,100.0,100.0,ES
1961-10-01,0.8610827546980615,6.323862268381042,0.8610827546980615,,,,,,,0.0,,,,,0.0,0.0,0.0,0.0,0.0,0.0,0.908798578378603,,-0.2484388936238333,,-0.0477158236805415,,2.60260170013652,,100.0,100.0,ES
1962-01-01,1.6445880447310324,4.178444797990277,1.6445880447310324,,,,,,,0.0,,,,,0.0,0.0,0.0,0.0,0.0,0.0,1.0559564716490888,,0.5148057769077814,,0.5886315730819436,,2.629931264299224,,100.0,100.0,ES
1962-04-01,5.4552380294432545,12.586038140409261,5.4552380294432545,,,,,,,0.0,,,,,0.0,0.0,0.0,0.0,0.0,0.0,1.935812783207922,,4.390571388935943,,3.5194252462353326,,2.71399794967974,,100.0,100.0,ES
1962-07-01,6.571958275761736,3.199487896266362,6.571958275761736,,,,,,,0.0,,,,,0.0,0.0,0.0,0.0,0.0,0.0,2.8630418817186847,,5.651230741462998,,3.708916394043051,,2.7357935107425697,,100.0,100.0,ES
1962-10-01,8.39714297171028,13.624601052175223,8.39714297171028,,,,,,,0.0,,,,,0.0,0.0,0.0,0.0,0.0,0.0,3.969862099717004,,7.488344393331678,,4.427280871993277,,2.8305839364053673,,100.0,100.0,ES
1963-01-01,10.4393215024837,12.347158921083956,10.4393215024837,,,,,,,0.0,,,,,0.0,0.0,0.0,0.0,0.0,0.0,5.2637539802703435,,9.38336503083461,,5.175567522213357,,2.9193206223338892,,100.0,100.0,ES
1963-04-01,8.51772774834636,4.899663123859899,8.51772774834636,,,,,,,0.0,,,,,0.0,0.0,0.0,0.0,0.0,0.0,5.914548733885547,,6.581914965138438,,2.603179014460813,,2.9552997484672727,,100.0,100.0,ES
1963-07-01,8.330537837542895,2.450728253052503,8.330537837542895,,,,,,,0.0,,,,,0.0,0.0,0.0,0.0,0.0,0.0,6.397746554617017,,5.46749595582421,,1.9327912829258782,,2.9734619213152973,,100.0,100.0,ES
1963-10-01,6.35104668472195,5.706636440891444,6.35104668472195,,,,,,,0.0,,,,,0.0,0.0,0.0,0.0,0.0,0.0,6.388406580638003,,2.3811845850049465,,-0.03735989591605282,,3.016187133598689,,100.0,100.0,ES
1964-01-01,3.9216340833902796,2.629508515757273,3.9216340833902796,,,,,,,0.0,,,,,0.0,0.0,0.0,0.0,0.0,0.0,5.895052081188458,,-1.3421198968800638,,-1.9734179977981787,,3.036080172486051,,100.0,100.0,ES
1964-04-01,3.9141886847761542,4.869881529403397,3.9141886847761542,,,,,,,0.0,,,,,0.0,0.0,0.0,0.0,0.0,0.0,5.498879401905998,,-2.0003600491093927,,-1.5846907171298437,,3.073269474379168,,100.0,100.0,ES
1964-07-01,7.775816100308508,17.89723791518192,7.775816100308508,,,,,,,0.0,,,,,0.0,0.0,0.0,0.0,0.0,0.0,5.9542667415865,,1.378069545691491,,1.8215493587220077,,3.2138997175509627,,100.0,100.0,ES
1964-10-01,11.063990613291331,18.859334492822732,11.063990613291331,,,,,,,0.0,,,,,0.0,0.0,0.0,0.0,0.0,0.0,6.976211515927466,,4.675584032653328,,4.087779097363865,,3.3690587453559755,,100.0,100.0,ES
1965-01-01,14.308545242180305,15.607727031313168,14.308545242180305,,,,,,,0.0,,,,,0.0,0.0,0.0,0.0,0.0,0.0,8.442678261178035,,8.413493160991846,,5.86586698100227,,3.5031155121590936,,100.0,100.0,ES
1965-04-01,15.022727788331135,7.726611714006726,15.022727788331135,,,,,,,0.0,,,,,0.0,0.0,0.0,0.0,0.0,0.0,9.758688166608655,,9.523848386425136,,5.26403962172248,,3.571441329856255,,100.0,100.0,ES
1965-07-01,11.171273931802927,2.491422489069084,11.171273931802927,,,,,,,0.0,,,,,0.0,0.0,0.0,0.0,0.0,0.0,10.04120531964751,,5.217007190216427,,1.1300686121554175,,3.593755673908286,,100.0,100.0,ES
1965-10-01,9.401648042206157,11.780830934435649,9.401648042206157,,,,,,,0.0,,,,,0.0,0.0,0.0,0.0,0.0,0.0,9.91329386415924,,2.4254365262786903,,-0.5116458219530831,,3.701173315674033,,100.0,100.0,ES
1966-01-01,6.346707148844288,3.3879634578656947,6.346707148844288,,,,,,,0.0,,,,,0.0,0.0,0.0,0.0,0.0,0.0,9.19997652109625,,-2.0959711123337463,,-2.8532693722519618,,3.7326550510407435,,100.0,100.0,ES
1966-04-01,6.374504107851897,7.837799550037161,6.374504107851897,,,,,,,0.0,,,,,0.0,0.0,0.0,0.0,0.0,0.0,8.63488203844738,,-3.384184058756758,,-2.2603779305954825,,3.8065158254829785,,100.0,100.0,ES
1966-07-01,6.318067250330439,2.265675058983252,6.318067250330439,,,,,,,0.0,,,,,0.0,0.0,0.0,0.0,0.0,0.0,8.171519080823991,,-3.723138069317071,,-1.8534518304935519,,3.828137823119275,,100.0,100.0,ES
1966-10-01,5.2040963837573395,7.32494746814325,5.2040963837573395,,,,,,,0.0,,,,,0.0,0.0,0.0,0.0,0.0,0.0,7.578034541410661,,-4.7091974804019,,-2.3739381576533214,,3.8988858996263054,,100.0,100.0,ES
1967-01-01,6.068190939966733,6.84434168270327,6.068190939966733,,,,,,,0.0,,,,,0.0,0.0,0.0,0.0,0.0,0.0,7.276065821121875,,-3.1317855811295168,,-1.207874881155142,,3.966173197699865,,100.0,100.0,ES
1967-04-01,5.966721394625507,7.431921368672256,5.966721394625507,,,,,,,0.0,,,,,0.0,0.0,0.0,0.0,0.0,0.0,7.014196935822602,,-2.6681606438218726,,-1.0474755411970946,,4.0405527551313005,,100.0,100.0,ES
1967-07-01,6.057432870076052,2.62852096078543,6.057432870076052,,,,,,,0.0,,,,,0.0,0.0,0.0,0.0,0.0,0.0,6.822844122673292,,-2.1140862107479395,,-0.7654112525972403,,4.0671918801686715,,100.0,100.0,ES
1967-10-01,6.6754107019441955,9.796858795615826,6.6754107019441955,,,,,,,0.0,,,,,0.0,0.0,0.0,0.0,0.0,0.0,6.793357438527472,,-0.9026238394664654,,-0.11794673658327692,,4.168036045565743,,100.0,100.0,ES
1968-01-01,6.271344455254613,5.228076695944939,6.271344455254613,,,,,,,0.0,,,,,0.0,0.0,0.0,0.0,0.0,0.0,6.6889548418729,,-1.0047213658672627,,-0.4176103866182874,,4.222870644608086,,100.0,100.0,ES
1968-04-01,5.840864803101953,5.7100027600616166,5.840864803101953,,,,,,,0.0,,,,,0.0,0.0,0.0,0.0,0.0,0.0,6.519336834118711,,-1.173332132720649,,-0.6784720310167582,,4.28358446631297,,100.0,100.0,ES
1968-07-01,4.421677299287796,-3.0482290544711965,4.421677299287796,,,,,,,0.0,,,,,0.0,0.0,0.0,0.0,0.0,0.0,6.099804927152528,,-2.4011668233854957,,-1.6781276278647317,,4.251065164967858,,100.0,100.0,ES
1968-10-01,2.863671893872044,3.5648371739528173,2.863671893872044,,,,,,,0.0,,,,,0.0,0.0,0.0,0.0,0.0,0.0,5.452578320496431,,-3.9296855446554284,,-2.588906426624387,,4.289120376703243,,100.0,100.0,ES
1969-01-01,1.7862667555509804,0.9184561426606841,1.7862667555509804,,,,,,,0.0,,,,,0.0,0.0,0.0,0.0,0.0,0.0,4.719316007507341,,-4.90268808632192,,-2.9330492519563602,,4.298980114433658,,100.0,100.0,ES
1969-04-01,1.3437075471640636,3.9397659265139495,1.3437075471640636,,,,,,,0.0,,,,,0.0,0.0,0.0,0.0,0.0,0.0,4.044194315438685,,-5.175629286954647,,-2.7004867682746214,,4.341531763290517,,100.0,100.0,ES
1969-07-01,2.3723575489426496,1.0663709526431475,2.3723575489426496,,,,,,,0.0,,,,,0.0,0.0,0.0,0.0,0.0,0.0,3.709826962139478,,-3.7274473782098783,,-1.3374694131968283,,4.3531214134150655,,100.0,100.0,ES
1969-10-01,3.034614316858608,6.2138642456166515,3.034614316858608,,,,,,,0.0,,,,,0.0,0.0,0.0,0.0,0.0,0.0,3.574784433083304,,-2.417964003637823,,-0.5401701162246959,,4.421273667685692,,100.0,100.0,ES
1970-01-01,4.273060343847068,5.872240250614524,4.273060343847068,,,,,,,0.0,,,,,0.0,0.0,0.0,0.0,0.0,0.0,3.714439615236057,,-0.44625566366027236,,0.5586207286110114,,4.486659397228983,,100.0,100.0,ES
1970-04-01,3.9107372480774893,2.490473543435634,3.9107372480774893,,,,,,,0.0,,,,,0.0,0.0,0.0,0.0,0.0,0.0,3.7536991418043435,,-0.13345706736119567,,0.15703810627314585,,4.514681307807421,,100.0,100.0,ES
1970-07-01,6.744994361040568,12.403399404495463,6.744994361040568,,,,,,,0.0,,,,,0.0,0.0,0.0,0.0,0.0,0.0,4.351958185651588,,3.0351673989010903,,2.39303617538898,,4.656867899946817,,100.0,100.0,ES
1970-10-01,7.27209258343009,8.322257135174738,7.27209258343009,,,,,,,0.0,,,,,0.0,0.0,0.0,0.0,0.0,0.0,4.935985065207288,,3.6973081503467857,,2.3361075182228017,,4.7547719771900185,,100.0,100.0,ES
1971-01-01,7.431447476421349,6.509659822579561,7.431447476421349,,,,,,,0.0,,,,,0.0,0.0,0.0,0.0,0.0,0.0,5.4350775474501,,3.717007861185292,,1.9963699289712489,,4.83278492283626,,100.0,100.0,ES
1971-04-01,9.080674647003795,9.087382225765417,9.080674647003795,,,,,,,0.0,,,,,0.0,0.0,0.0,0.0,0.0,0.0,6.164196967360839,,5.326975505199451,,2.9164776796429557,,4.943834999171612,,100.0,100.0,ES
1971-07-01,6.97551773557834,3.982771758793646,6.97551773557834,,,,,,,0.0,,,,,0.0,0.0,0.0,0.0,0.0,0.0,6.326461121004339,,2.6235595499267523,,0.6490566145740013,,4.993306297605014,,100.0,100.0,ES
1971-10-01,8.173158854515039,13.112821610921532,8.173158854515039,,,,,,,0.0,,,,,0.0,0.0,0.0,0.0,0.0,0.0,6.695800667706479,,3.237173789307751,,1.4773581868085603,,5.159709755971909,,100.0,100.0,ES
1972-01-01,8.20477829535231,6.6361375859286476,8.20477829535231,,,,,,,0.0,,,,,0.0,0.0,0.0,0.0,0.0,0.0,6.997596193235645,,2.7697007479022107,,1.2071821021166658,,5.246025136735763,,100.0,100.0,ES
1972-04-01,6.9564309995126195,4.093993042406652,6.9564309995126195,,,,,,,0.0,,,,,0.0,0.0,0.0,0.0,0.0,0.0,6.9893631544910395,,0.7922340321517805,,-0.03293215497842006,,5.299993825935837,,100.0,100.0,ES
1972-07-01,8.792326326738898,11.326353067698758,8.792326326738898,,,,,,,0.0,,,,,0.0,0.0,0.0,0.0,0.0,0.0,7.349955788940611,,2.465865205734559,,1.4423705377982872,,5.452212765586981,,100.0,100.0,ES
1972-10-01,7.8316015258028004,9.269922407177145,7.8316015258028004,,,,,,,0.0,,,,,0.0,0.0,0.0,0.0,0.0,0.0,7.446284936313049,,1.1358008580963217,,0.38531658948975167,,5.5800422292292895,,100.0,100.0,ES
1973-01-01,7.863140139683633,6.762292041451978,7.863140139683633,,,,,,,0.0,,,,,0.0,0.0,0.0,0.0,0.0,0.0,7.529655976987166,,0.8655439464479882,,0.3334841626964673,,5.675178828099953,,100.0,100.0,ES
1973-04-01,10.328912124457812,13.957080981503367,10.328912124457812,,,,,,,0.0,,,,,0.0,0.0,0.0,0.0,0.0,0.0,8.089507206481295,,3.3395489699667724,,2.2394049179765165,,5.876696456403165,,100.0,100.0,ES
1973-07-01,11.713414319199856,16.86436184666693,11.713414319199856,,,,,,,0.0,,,,,0.0,0.0,0.0,0.0,0.0,0.0,8.814288629025008,,4.363458530259245,,2.8991256901748486,,6.129760515096581,,100.0,100.0,ES
1973-10-01,13.085812762507288,14.759516180406873,13.085812762507288,,,,,,,0.0,,,,,0.0,0.0,0.0,0.0,0.0,0.0,9.668593455721464,,5.639527826194239,,3.4172193067858245,,6.360165963820499,,100.0,100.0,ES
1974-01-01,13.693935312680017,9.194782242142896,13.693935312680017,,,,,,,0.0,,,,,0.0,0.0,0.0,0.0,0.0,0.0,10.473661827113174,,6.164279335692851,,3.2202734855668425,,6.508060122486302,,100.0,100.0,ES
1974-04-01,14.893144015472725,18.753915792674203,14.893144015472725,,,,,,,0.0,,,,,0.0,0.0,0.0,0.0,0.0,0.0,11.357558264785084,,6.803636808991429,,3.535585750687641,,6.820455217343532,,100.0,100.0,ES
1974-07-01,14.17831473007296,14.00504470506787,14.17831473007296,,,,,,,0.0,,,,,0.0,0.0,0.0,0.0,0.0,0.0,11.921709557842659,,5.364026101047953,,2.2566051722303015,,7.063486928525198,,100.0,100.0,ES
1974-10-01,15.407671368321886,19.67694273340257,15.407671368321886,,,,,,,0.0,,,,,0.0,0.0,0.0,0.0,0.0,0.0,12.618901919938505,,5.739077912600422,,2.7887694483833805,,7.419644801644225,,100.0,100.0,ES
1975-01-01,17.154804491292897,16.183314734026943,17.154804491292897,,,,,,,0.0,,,,,0.0,0.0,0.0,0.0,0.0,0.0,13.526082434209384,,6.681142664179722,,3.628722057083513,,7.725986156767177,,100.0,100.0,ES
1975-04-01,15.86693086423081,13.602421284425859,15.86693086423081,,,,,,,0.0,,,,,0.0,0.0,0.0,0.0,0.0,0.0,13.99425212021367,,4.509372599445726,,1.87267874401714,,7.993234734176346,,100.0,100.0,ES
1975-07-01,16.099463341456264,14.935174613969693,16.099463341456264,,,,,,,0.0,,,,,0.0,0.0,0.0,0.0,0.0,0.0,14.415294364462188,,4.177753783613605,,1.6841689769940764,,8.29732739391597,,100.0,100.0,ES
1975-10-01,13.712104426396055,10.127507073161723,13.712104426396055,,,,,,,0.0,,,,,0.0,0.0,0.0,0.0,0.0,0.0,14.274656376848961,,1.0932025064575495,,-0.5625519504529066,,8.510087545490661,,100.0,100.0,ES
1976-01-01,13.645171044853344,15.9155812078561,13.645171044853344,,,,,,,0.0,,,,,0.0,0.0,0.0,0.0,0.0,0.0,14.148759310449838,,0.11908861064395992,,-0.5035882655964947,,8.855521678327403,,100.0,100.0,ES
1976-04-01,16.941667224593626,26.78840600338699,16.941667224593626,,,,,,,0.0,,,,,0.0,0.0,0.0,0.0,0.0,0.0,14.707340893278596,,2.9474151043799566,,2.23432633131503,,9.468894827698648,,100.0,100.0,ES
1976-07-01,16.07636116022477,11.473950356494278,16.07636116022477,,,,,,,0.0,,,,,0.0,0.0,0.0,0.0,0.0,0.0,14.98114494666783,,1.6610667957625829,,1.0952162135569399,,9.744442025644624,,100.0,100.0,ES
1976-10-01,18.020836604780488,17.905408851384585,18.020836604780488,,,,,,,0.0,,,,,0.0,0.0,0.0,0.0,0.0,0.0,15.589083278290362,,3.746180227931527,,2.431753326490126,,10.190547714097107,,100.0,100.0,ES
1977-01-01,20.334123847082573,25.168730177064447,20.334123847082573,,,,,,,0.0,,,,,0.0,0.0,0.0,0.0,0.0,0.0,16.538091392048806,,6.1853645366327346,,3.7960324550337674,,10.852358410504154,,100.0,100.0,ES
1977-04-01,19.00823225916577,21.484839651719767,19.00823225916577,,,,,,,0.0,,,,,0.0,0.0,0.0,0.0,0.0,0.0,17.032119565472197,,4.300891365887173,,1.9761126936935725,,11.451199914306578,,100.0,100.0,ES
1977-07-01,24.090023219139802,31.8011141963904,24.090023219139802,,,,,,,0.0,,,,,0.0,0.0,0.0,0.0,0.0,0.0,18.44370029620572,,9.108878272471971,,5.6463229229340826,,12.398770395114287,,100.0,100.0,ES
1977-10-01,23.92644330268867,17.25108918558007,23.92644330268867,,,,,,,0.0,,,,,0.0,0.0,0.0,0.0,0.0,0.0,19.54024889750231,,8.33736002439831,,4.386194405186362,,12.945199558684237,,100.0,100.0,ES
1978-01-01,21.088172322753262,13.815646257322811,21.088172322753262,,,,,,,0.0,,,,,0.0,0.0,0.0,0.0,0.0,0.0,19.8498335825525,,4.550080930704457,,1.2383387402007635,,13.400126465243527,,100.0,100.0,ES
1978-04-01,19.973920183068515,17.027831092980783,19.973920183068515,,,,,,,0.0,,,,,0.0,0.0,0.0,0.0,0.0,0.0,19.874650902655702,,2.941800617596318,,0.09926928041281258,,13.982879974509531,,100.0,100.0,ES
1978-07-01,16.598422354863196,18.29912288356912,16.598422354863196,,,,,,,0.0,,,,,0.0,0.0,0.0,0.0,0.0,0.0,19.219405193097202,,-1.8452779413425233,,-2.6209828382340064,,14.637423894486968,,100.0,100.0,ES
1978-10-01,15.057117916751617,11.085871433133754,15.057117916751617,,,,,,,0.0,,,,,0.0,0.0,0.0,0.0,0.0,0.0,18.386947737828084,,-4.483130980750692,,-3.3298298210764674,,15.048769215372607,,100.0,100.0,ES
1979-01-01,15.207614991303364,14.417634555529801,15.207614991303364,,,,,,,0.0,,,,,0.0,0.0,0.0,0.0,0.0,0.0,17.75108118852314,,-4.642218591249135,,-2.543466197219777,,15.601082369831103,,100.0,100.0,ES
1979-04-01,14.462828633484692,14.048685661706095,14.462828633484692,,,,,,,0.0,,,,,0.0,0.0,0.0,0.0,0.0,0.0,17.09343067751545,,-5.41182226917101,,-2.6306020440307574,,16.158755010317734,,100.0,100.0,ES
1979-07-01,14.08695783415359,16.795639686244712,14.08695783415359,,,,,,,0.0,,,,,0.0,0.0,0.0,0.0,0.0,0.0,16.492136108843077,,-5.132447358943612,,-2.4051782746894865,,16.85169268607682,,100.0,100.0,ES
1979-10-01,14.487747769357506,12.689031173949417,14.487747769357506,,,,,,,0.0,,,,,0.0,0.0,0.0,0.0,0.0,0.0,16.091258440945964,,-3.899199968470578,,-1.6035106715884577,,17.394841310156234,,100.0,100.0,ES
1980-01-01,15.414072483169727,18.122933410778685,15.414072483169727,,,,,,,0.0,,,,,0.0,0.0,0.0,0.0,0.0,0.0,15.955821249390716,,-2.337008705353414,,-0.541748766220989,,18.201081572214807,,100.0,100.0,ES
1980-04-01,14.493895686563318,10.36797847528046,14.493895686563318,,,,,,,0.0,,,,,0.0,0.0,0.0,0.0,0.0,0.0,15.663436136825236,,-2.5995349909521313,,-1.169540450261918,,18.679019937467874,,100.0,100.0,ES
1980-07-01,14.083889400263372,15.155614541044926,14.083889400263372,,,,,,,0.0,,,,,0.0,0.0,0.0,0.0,0.0,0.0,15.347526789512864,,-2.4082467085797052,,-1.2636373892494923,,19.400328557948868,,100.0,100.0,ES
1980-10-01,13.944794540901162,12.132651736500577,13.944794540901162,,,,,,,0.0,,,,,0.0,0.0,0.0,0.0,0.0,0.0,15.066980339790524,,-2.146463900044802,,-1.1221857988893618,,19.99778727621022,,100.0,100.0,ES
1981-01-01,13.685366904482077,17.085222865102345,13.685366904482077,,,,,,,0.0,,,,,0.0,0.0,0.0,0.0,0.0,0.0,14.790657652728834,,-2.2704543449086394,-314.64491263340545,-1.105290748246757,13.016630695879956,20.870458462952094,,100.0,100.0,ES
1981-04-01,13.899736655872319,11.225457480841428,13.899736655872319,,79.54029487363407,,,,,0.0,,,,,0.0,0.0,0.0,0.0,0.0,0.0,14.61247345335753,,-1.7636994809529174,-297.56620328520734,-0.7127367974852117,15.880287518548528,21.46445544913478,,100.0,100.0,ES
1981-07-01,13.338077916936841,12.908979585303015,13.338077916936841,,82.64563851442492,,,,,0.0,,,,,0.0,0.0,0.0,0.0,0.0,0.0,14.357594346073393,,-2.009448872576023,-280.1320385529268,-1.0195164291365515,19.52494068152821,22.168464945674412,,100.0,100.0,ES
1981-10-01,13.432799358975478,12.511537504655124,13.432799358975478,,-36.26164466881014,,,,,0.0,,,,,0.0,0.0,0.0,0.0,0.0,0.0,14.17263534865381,,-1.6341809808150458,-292.32533409629315,-0.7398359896783315,17.832783731618033,22.872827290938318,,100.0,100.0,ES
1982-01-01,13.342669181213873,16.724702154055926,13.342669181213873,16.974276415780405,-58.02718305612723,,,,,0.0,,,,,0.0,0.0,0.0,0.0,0.0,0.0,14.006642115165823,,-1.447988471514961,-311.01330539883895,-0.6639729339519498,15.424707213748997,23.849455341012465,,100.0,100.0,ES
1982-04-01,14.032004718164126,13.98279962864244,14.032004718164126,14.473908991657058,69.53882517714068,,,,,0.0,,,,,0.0,0.0,0.0,0.0,0.0,0.0,14.011714635765484,,-0.5804687351934046,-297.12429901171436,0.02029008239864183,18.35345153335326,24.69790393965564,,100.0,100.0,ES
1982-07-01,13.69230425454413,11.55017773082303,13.69230425454413,9.83362027397041,64.08448364367834,,,,,0.0,,,,,0.0,0.0,0.0,0.0,0.0,0.0,13.947832559521213,,-0.665290091529263,-283.99072253350056,-0.25552830497708356,21.54252439153342,25.42146316281037,,118.49999876412909,100.0,ES
1982-10-01,12.82493014228967,9.042041055637284,12.82493014228967,17.683179783461693,-4.863406630845013,,,,,0.0,,,,,0.0,0.0,0.0,0.0,0.0,0.0,13.723252076074905,,-1.3477052063641395,-287.46708445512115,-0.8983219337852351,21.28218512837408,26.002662230399164,,118.49999876412909,100.0,ES
1983-01-01,12.42564367337371,15.127556278392085,12.42564367337371,12.665121520434969,-78.09941610823414,,,,,0.0,,,,,0.0,0.0,0.0,0.0,0.0,0.0,13.463730395534666,,-1.5809984417921132,-310.7738275517777,-1.0380867221609567,17.50736769610645,27.004886117661083,,118.49999876412909,100.0,ES
1983-04-01,11.335452769686105,9.622036013892021,11.335452769686105,10.74858814731679,61.87269168466797,,,,,0.0,,,,,0.0,0.0,0.0,0.0,0.0,0.0,13.038074870364953,,-2.676261866079379,-297.71116363408373,-1.7026221006788482,20.436112015710712,27.662367264856783,,118.49999876412909,100.0,ES
1983-07-01,10.488619645372799,8.162845233569804,10.488619645372799,17.423232670094663,90.78306173478983,,,,,0.0,,,,,0.0,0.0,0.0,0.0,0.0,0.0,12.528183825366522,,-3.4592129141484147,-277.05610950877866,-2.0395641799937234,25.642757859312635,28.232675704253175,,134.49999546847334,100.0,ES
1983-10-01,11.741246895164448,14.05255005480388,11.741246895164448,12.893381748443538,-22.98281031744951,,,,,0.0,,,,,0.0,0.0,0.0,0.0,0.0,0.0,12.370796439326107,,-1.9820051809104573,-286.31494960184205,-0.6295495441616588,24.210929447978348,29.24215683149269,,134.49999546847334,100.0,ES
1984-01-01,11.37673378503119,13.669503837859054,11.37673378503119,11.571529497413366,-83.38682511235483,,,,,0.0,,,,,0.0,0.0,0.0,0.0,0.0,0.0,12.171983908467123,,-2.0869966105034763,-310.5790318393955,-0.7952501234359328,19.655104950816156,30.258742615477694,,134.49999546847334,100.0,ES
1984-04-01,10.698074312652706,6.9073981243780835,10.698074312652706,10.567853781769443,57.857988822092274,,,,,0.0,,,,,0.0,0.0,0.0,0.0,0.0,0.0,11.87720198930424,,-2.340000557712248,-297.841384164967,-1.1791276766515342,22.714013539708365,30.78580324502069,,134.49999546847334,100.0,ES
1984-07-01,11.360185223448216,10.811288876751846,11.360185223448216,9.438675688757492,86.26634936274202,,,,,0.0,,,,,0.0,0.0,0.0,0.0,0.0,0.0,11.773798636133035,,-1.1679986019183062,-278.9776190434695,-0.41361341268481944,28.180998646469618,31.629235669907988,,150.99994314993833,100.0,ES
1984-10-01,9.381258325603747,6.136842463426007,9.381258325603747,9.726347612860398,-21.832122621037886,,,,,0.0,,,,,0.0,0.0,0.0,0.0,0.0,0.0,11.295290574027177,,-2.989538113722359,-285.9698603145854,-1.91403224842343,26.684093462783082,32.11823631948959,,150.99994314993833,100.0,ES
1985-01-01,9.119094356801982,12.620847962651993,9.119094356801982,13.8897918244078,-66.73304826616521,,,,,0.0,,,,,0.0,0.0,0.0,0.0,0.0,0.0,10.860051330582138,,-3.0528895516651406,-305.8083343717897,-1.7409569737801558,22.583849270420423,33.147791678204605,,150.99994314993833,100.0,ES
1985-04-01,9.223695831631407,7.325804023695781,9.223695831631407,13.888956986384592,57.85464946999945,,,,,0.0,,,,,0.0,0.0,0.0,0.0,0.0,0.0,10.532780230791992,,-2.653506157672833,-293.1761230102138,-1.3090843991605858,26.098338164112157,33.76047057386972,,150.99994314993833,100.0,ES
1985-07-01,7.543940400746507,4.092267153212248,7.543940400746507,7.773064760523596,61.802780459298035,,,,,0.0,,,,,0.0,0.0,0.0,0.0,0.0,0.0,9.935012264782895,,-4.229858235386528,-278.74849468369234,-2.3910718640363875,30.458910895050707,34.1076355727458,,173.49996168800192,100.0,ES
1985-10-01,7.949906468471735,7.7607067343269165,7.949906468471735,7.966731583457465,-21.05745532930241,,,,,0.0,,,,,0.0,0.0,0.0,0.0,0.0,0.0,9.537991105520662,,-3.3453841055554427,-285.9530351995997,-1.5880846370489277,28.89691821442848,34.77584522844979,,173.49996168800192,100.0,ES
1986-01-01,8.568998455085097,15.097215909105444,8.568998455085097,14.961168183935058,-38.75530186425485,,,,,0.0,,,,,0.0,0.0,0.0,0.0,0.0,0.0,9.34419257543355,12.187118648130365,-2.2910528754970407,-299.41616464293975,-0.775194120348452,26.228502433400106,36.1134756692627,,173.49996168800192,100.0,ES
1986-04-01,7.844528106509063,4.427922629391645,7.844528106509063,9.053815332308556,34.22523806349345,,,,,0.0,,,,,0.0,0.0,0.0,0.0,0.0,0.0,9.044259681648652,3.028781061365862,-2.688252124282929,-291.9668357844143,-1.1997315751395892,28.571502178916898,36.51546573072912,,173.49996168800192,100.0,ES
1986-07-01,9.050342574783032,8.915525026308124,9.050342574783032,11.111327182490882,70.03282786002734,,,,,0.0,,,,,0.0,0.0,0.0,0.0,0.0,0.0,9.045476260275528,-12.34715917618621,-0.8846696899998623,-276.68751007598445,0.004866314507504299,34.038487285678144,37.33849014832066,,201.49993532275593,100.0,ES
1986-10-01,8.251597356681328,4.5657258619201,8.251597356681328,9.038407063203257,-29.349135806452907,,,,,0.0,,,,,0.0,0.0,0.0,0.0,0.0,0.0,8.886700479556689,-1.3029531918082853,-1.286393748839334,-285.1662254930778,-0.6351031228753605,31.630410767809106,37.76712505669565,,201.49993532275593,100.0,ES
1987-01-01,5.925512321521653,5.792875768466743,5.925512321521653,4.3696398967627115,-57.43037053001703,,,,,0.0,,,,,0.0,0.0,0.0,0.0,0.0,0.0,8.294462847949681,15.272384036672577,-3.418680253911896,-300.97203706769864,-2.368950526428028,27.400002306158502,38.31805542561307,,201.49993532275593,100.0,ES
1987-04-01,5.497421032252081,2.715557472313357,5.497421032252081,10.786283153327858,59.89181108975403,,,,,0.0,,,,,0.0,0.0,0.0,0.0,0.0,0.0,7.735054484810162,-0.8998644930786099,-3.5468386493965713,-286.6779736633385,-2.2376334525580805,31.825651809449298,38.57907765350663,,201.49993532275593,100.0,ES
1987-07-01,4.528980729980647,5.041763817222389,4.528980729980647,5.577658531648977,49.19832937331181,,,,,0.0,,,,,0.0,0.0,0.0,0.0,0.0,0.0,7.093839733844259,-11.376144723027608,-4.516495530294881,-275.63883227431614,-2.564859003863612,35.99098349874766,39.068421615360506,,210.4999592162601,100.0,ES
1987-10-01,4.542193852015419,4.618578350059188,4.542193852015419,10.16499602097134,-10.999785849163457,,,,,0.0,,,,,0.0,0.0,0.0,0.0,0.0,0.0,6.583510557478491,-5.354087282096202,-4.34450662754127,-279.5434233241218,-2.041316705463072,35.0147353922129,39.52213739251486,,210.4999592162601,100.0,ES
1988-01-01,4.311581208637971,4.870425194956951,4.311581208637971,5.76861753814657,-75.0158844613161,,,,0.6954559737634582,0.0,,,,,0.0,0.0,0.0,0.0,0.0,0.0,6.129124687710387,15.904758223925228,-3.98288163931171,-299.5150007381901,-1.817543479072416,29.027082483716427,40.00630306092873,,210.4999592162601,100.0,ES
1988-04-01,3.981443544751073,1.3950068167657648,3.981443544751073,4.400740803273506,54.42030415026178,,,,0.7366345126585223,0.0,,,,,0.0,0.0,0.0,0.0,0.0,0.0,5.699588459118525,1.016634837048457,-3.7536109400590885,-286.25867640481613,-1.7181449143674516,33.25749094536703,40.14606930154866,,210.4999592162601,100.0,ES
1988-07-01,5.239319684657717,10.073268376848965,5.239319684657717,6.306806526453046,56.82259226602997,,,,1.0227762595615424,0.0,,,,,0.0,0.0,0.0,0.0,0.0,0.0,5.607534704226364,-10.353974733083135,-1.854520049186542,-274.57134543252084,-0.36821501956864644,38.333972519681,41.16991232551126,,222.9999695151843,100.0,ES
1988-10-01,5.332283188814424,4.990432366686015,5.332283188814424,7.516954865950365,-6.159192491174181,,,,1.7475356863488543,0.0,,,,,0.0,0.0,0.0,0.0,0.0,0.0,5.552484401143976,-5.784857999527844,-1.2512273686640674,-277.35875164698587,-0.2202012123295516,37.748227945593534,41.68676895140638,,222.9999695151843,100.0,ES
1989-01-01,6.038401768392143,7.694899513267828,6.038401768392143,7.346708260658563,-75.69687088248331,,,,2.0294570666818537,0.0,,,,,0.0,0.0,0.0,0.0,0.0,0.0,5.649667874593609,16.294530475864406,-0.09072291931824417,-298.20669424592364,0.38873389379853407,31.239907235361827,42.49647094554362,,222.9999695151843,100.0,ES
1989-04-01,6.6815471967693,3.9675885302743907,6.6815471967693,5.704943054656042,47.85324332625169,,,,2.4576409491327276,0.0,,,,,0.0,0.0,0.0,0.0,0.0,0.0,5.856043739028747,3.8892293116094265,0.9819587376507748,-287.23528054692935,0.8255034577405524,35.2099764338531,42.92008968016275,,222.9999695151843,100.0,ES
1989-07-01,6.687842211142714,10.098448434342622,6.687842211142714,5.129318248071302,54.520093039691005,,,,2.777071468061351,0.0,,,,,0.0,0.0,0.0,0.0,0.0,0.0,6.02240343345154,-7.2196676180632835,1.0803075069163501,-276.1298693955922,0.6654387776911737,40.351545505102756,44.017449212650114,,239.99995056516372,100.0,ES
1989-10-01,6.857423637953808,5.668758073930391,6.857423637953808,6.830287545523195,0.644684698633391,,,,2.62302453714792,0.0,,,,,0.0,0.0,0.0,0.0,0.0,0.0,6.189407474351993,-4.7040833518919385,1.3049392368098323,-277.3858877394165,0.6680161636018145,40.41663300203845,44.64570113444326,,239.99995056516372,100.0,ES
1990-01-01,6.7595942930174235,7.303582133522291,6.7595942930174235,8.579550785312351,-68.69981792332669,,,,2.771413281455425,0.0,,,,,0.0,0.0,0.0,0.0,0.0,0.0,6.303444838085079,15.288283011629403,1.1099264184238145,-296.3867377536288,0.45614945493234416,34.038487285678144,45.46837270331052,,239.99995056516372,100.0,ES
1990-04-01,6.5456858578386345,3.1119547895592348,6.5456858578386345,8.500705011851451,47.53786023240809,,,,2.7965224077326223,0.0,,,,,0.0,0.0,0.0,0.0,0.0,0.0,6.35189304203579,3.0190492842777985,0.6896421188098874,-285.28026139291654,0.19379281580284413,38.333972519681,45.82349110316074,,239.99995056516372,100.0,ES
1990-07-01,6.200909916580688,8.719344669310836,6.200909916580688,8.351062025459433,53.92152109412294,,,,2.892878768927538,0.0,,,,,0.0,0.0,0.0,0.0,0.0,0.0,6.32169641694477,-8.174501103483067,0.17850648312914785,-273.9797172867135,-0.12078650036408156,43.86603439879451,46.83333461557654,,261.4999847575921,100.0,ES
1990-10-01,6.524704460568698,6.96393624988243,6.524704460568698,8.041427255091694,-0.5938543828375664,,,,2.740621991615562,0.0,,,,,0.0,0.0,0.0,0.0,0.0,0.0,6.362298025669555,-5.034077567366069,0.33529698621670434,-275.8691649448935,0.1624064348991423,43.800957626442255,47.65583452830767,,261.4999847575921,100.0,ES
1991-01-01,6.0013356786745575,5.21010700594573,6.0013356786745575,8.429886762138528,-67.14597989513935,,,,2.7934880799572497,0.0,,,,,0.0,0.0,0.0,0.0,0.0,0.0,6.2901055562705555,14.002357811850288,-0.30210915941052185,-293.95818667016476,-0.2887698775959979,37.03230837763465,48.28062471802213,,261.4999847575921,100.0,ES
1991-04-01,5.894636433985001,2.685157810801009,5.894636433985001,9.546449758981158,52.004112219778605,,,,2.333736993408131,0.0,,,,,0.0,0.0,0.0,0.0,0.0,0.0,6.211011731813445,-0.13707851172620167,-0.4572566080507894,-281.6284480679204,-0.31637529782844354,42.173877448884326,48.605817731473245,,261.4999847575921,100.0,ES
1991-07-01,5.754042112415414,8.156967383032487,5.754042112415414,9.881102513227425,55.26013211110801,,,,1.6391100707887833,0.0,,,,,0.0,0.0,0.0,0.0,0.0,0.0,6.119617807933839,-11.649535074423795,-0.5676543045293556,-269.8526568859014,-0.36557569551842484,48.421858895956696,49.6071833380545,,284.49995427277634,100.0,ES
1991-10-01,5.423975464336062,5.64366965756502,5.423975464336062,9.355254061095962,-2.6972481913634105,,,,1.2893029595640257,0.0,,,,,0.0,0.0,0.0,0.0,0.0,0.0,5.980489339214284,-7.245928216842913,-0.9383225613334938,-271.9378863481336,-0.5565138748782221,48.09644286044511,50.3120606517268,,284.49995427277634,100.0,ES
1992-01-01,6.345032758323699,8.894336181896279,6.345032758323699,8.260799474617443,-71.52379824105344,,,,0.8595386379056293,0.0,,,,,0.0,0.0,0.0,0.0,0.0,0.0,6.053398023036166,14.272361686965723,0.054927202053143276,-292.042419953871,0.29163473528753237,40.22138123581482,51.443322271100364,,284.49995427277634,100.0,ES
1992-04-01,6.19523934821542,2.085984170367894,6.19523934821542,7.2894687774825995,48.118789431239236,,,,0.3015072612061225,0.0,,,,,0.0,0.0,0.0,0.0,0.0,0.0,6.081766288072017,1.0827746708459358,-0.015772383598024575,-280.53421863865316,0.11347306014340308,45.36295030706447,51.712297899968064,,284.49995427277634,100.0,ES
1992-07-01,5.435919019524649,5.119686068269402,5.435919019524649,8.004274174773185,58.11935370027035,,,,-0.4897343533337484,0.0,,,,,0.0,0.0,0.0,0.0,0.0,0.0,5.952596834362543,-12.022803175862066,-0.6836987884091901,-267.284301730653,-0.5166778148378945,52.45701559138366,52.37842860913444,,308.99994150211035,100.0,ES
1992-10-01,5.075262928123525,4.201045291960526,5.075262928123525,7.931375794267392,-2.988841713386581,,,,-1.7407235563166488,0.0,,,,,0.0,0.0,0.0,0.0,0.0,0.0,5.77713005311474,-8.112616094272028,-0.9052264110907586,-269.08177348198967,-0.7018671249912147,52.066512058936375,52.931437924589474,,308.99994150211035,100.0,ES
1993-01-01,4.143930494785408,5.169006448543811,4.143930494785408,7.3298605251001625,-73.92985931772236,,,,-2.8884386728362443,0.0,,,,,0.0,0.0,0.0,0.0,0.0,0.0,5.450490141448873,13.343624318931575,-1.909467528250758,-288.8564899235563,-1.306559646663465,43.28028982470702,53.61988393145309,,308.99994150211035,100.0,ES
1993-04-01,4.570876129684542,3.79376670996443,4.570876129684542,6.121518454471198,43.28542114872338,,,,-3.7496359127595476,0.0,,,,,0.0,0.0,0.0,0.0,0.0,0.0,5.2745673390960075,1.8490718277747646,-1.5108901583874745,-278.9835763138666,-0.7036912094114651,48.22660712973305,54.13085656645966,,308.99994150211035,100.0,ES
1993-07-01,4.491619804040514,4.80266076569329,4.491619804040514,7.525929923973251,63.736999578278564,,,,-4.512556360638552,0.0,,,,,0.0,0.0,0.0,0.0,0.0,0.0,5.117977832084909,-12.899783637333314,-1.460977030322029,-264.24999161072014,-0.626358028044395,56.55724905916287,54.784704325440565,,332.4999443858091,100.0,ES
1993-10-01,4.657430149029107,4.864286671914897,4.657430149029107,6.999228779615696,-5.095646290816802,,,,-4.774084766763135,0.0,,,,,0.0,0.0,0.0,0.0,0.0,0.0,5.025868295473749,-7.911546648166336,-1.1196999040856328,-266.7399748514031,-0.36843814644464157,55.841329491204014,55.454992927682156,,332.4999443858091,100.0,ES
1994-01-01,4.876184281090534,6.04402297678952,4.876184281090534,5.841081839328255,-78.56244707887213,,,,-4.894013336336684,0.0,,,,,0.0,0.0,0.0,0.0,0.0,0.0,4.995931492597106,14.941519062468785,-0.5743058603583391,-287.8915923653185,-0.11974721150657164,45.88361810879971,56.29928363325011,,332.4999443858091,100.0,ES
1994-04-01,4.724329280533723,3.1863467077371865,4.724329280533723,4.227842300365192,36.83246299287113,,,,-4.584184580464026,0.0,,,,,0.0,0.0,0.0,0.0,0.0,0.0,4.941611050184429,4.73446056698981,-0.5502380585622841,-279.48006329403506,-0.21728176965070567,50.3092676120905,56.7495472147778,,332.4999443858091,100.0,ES
1994-07-01,4.585725644620453,4.248246222040208,4.585725644620453,2.6123070664169967,57.27485864248578,,,,-4.122764397578951,0.0,,,,,0.0,0.0,0.0,0.0,0.0,0.0,4.870433969071634,-8.877955101466057,-0.5322521874644561,-266.2234101889237,-0.28470832445118077,58.054164967432854,57.3554743024217,,352.4999608640878,100.0,ES
1994-10-01,4.265874155731275,3.5848807163581853,4.265874155731275,2.872131927084376,-4.056346848147285,,,,-3.54141264674368,0.0,,,,,0.0,0.0,0.0,0.0,0.0,0.0,4.749522006403562,-5.052624729211402,-0.7599941397424734,-268.1337170800501,-0.48364785067228677,57.468420393345376,57.87181595990841,,352.4999608640878,100.0,ES
1995-01-01,4.657656670117305,7.61115303433364,4.657656670117305,16.50957066800074,-24.01269211520667,,,,-2.7052053770215387,0.0,,,,,0.0,0.0,0.0,0.0,0.0,0.0,4.73114893914631,4.151769401534864,-0.3382748224798009,-276.0396783674351,-0.07349226902900519,54.12000285703972,58.98353738911889,,352.4999608640878,100.0,ES
1995-04-01,4.997423296102621,4.545413211678451,4.997423296102621,7.867076893595026,2.2624878952482774,,,,-1.8556653257894666,0.0,,,,,0.0,0.0,0.0,0.0,0.0,0.0,4.784403810537572,4.093511368205952,0.055812245918192005,-276.61040969654266,0.21301948556504868,54.426984845784276,59.657621499259406,,352.4999608640878,100.0,ES
1995-07-01,4.346823016135026,1.6458451021698295,4.346823016135026,-5.398788259524556,4.211398030007452,,,,-1.8140178741014203,0.0,,,,,0.0,0.0,0.0,0.0,0.0,0.0,4.696887651657063,3.331761806505824,-0.5236109529366075,-275.96902146458325,-0.3500646355220365,55.00304629643444,59.90359520588535,,415.77581880824073,100.0,ES
1995-10-01,4.276786135448418,3.304733193611753,4.276786135448418,-3.2911410386238904,4.374242035455378,,,,-1.3809158595005648,0.0,,,,,0.0,0.0,0.0,0.0,0.0,0.0,4.6128673484153335,3.7213201020294946,-0.4727358709551437,-275.70164425412236,-0.3360812129669153,55.60783874798906,60.400558792893094,,415.77581880824073,100.0,ES
1996-01-01,3.520431365240917,4.5857339535036346,3.520431365240917,3.6753970968579797,3.8534604267208117,,,,-0.8195532863413462,0.0,,,,,0.0,0.0,0.0,0.0,0.0,0.0,4.39438015178045,4.189434632133498,-1.2107175739053933,-275.8847126358181,-0.8739487865395335,56.146133974121504,61.09699549005908,,415.77581880824073,100.0,ES
1996-04-01,3.5623253761587925,4.712989255349953,3.5623253761587925,4.529905703769366,5.680522322893822,,,,-0.3781257792384203,0.0,,,,,0.0,0.0,0.0,0.0,0.0,0.0,4.227969196656119,3.4499245095161655,-1.2220784343787798,-275.6428293689321,-0.6656438204973263,56.94917098351944,61.82112685002859,,415.77581880824073,100.0,ES
1996-07-01,3.61728046601435,1.8656654615920587,3.61728046601435,4.207052724807081,2.9199861141583128,,,,0.09327899789584038,0.0,,,,,0.0,0.0,0.0,0.0,0.0,0.0,4.105831450527765,3.023517940455804,-1.079607185642713,-275.37924920579053,-0.48855098451341483,57.366419050021776,62.11014419106905,,431.34152981610623,100.0,ES
1996-10-01,3.290970689995021,1.999494089534437,3.290970689995021,4.109984403580413,3.9859687505487074,,,,0.8295503738265779,0.0,,,,,0.0,0.0,0.0,0.0,0.0,0.0,3.942859298421216,3.150379168299594,-1.3218966584203127,-274.882630540537,-0.6518886084261952,57.94092865178868,62.421393635266476,,431.34152981610623,100.0,ES
1997-01-01,2.5051358807893997,1.4423947166811502,2.5051358807893997,4.51886431988473,5.488980091938078,,-0.31461387694955434,-3.2189492261370134,1.5574897607725013,0.0,,,,,0.0,0.0,0.0,0.0,0.0,0.0,3.655314614894853,2.350296596763883,-1.8892442709910506,-273.8709841967227,-1.1501787341054532,58.74150050252897,62.64689068157276,,431.34152981610623,100.0,ES
1997-04-01,1.4282313676194036,0.4053712026699685,1.4282313676194036,4.038166478123584,3.7577309558492367,,-2.5397032616558235,-4.422621611085198,1.665764639760912,0.0,,,,,0.0,0.0,0.0,0.0,0.0,0.0,3.209897965439763,0.934300615139648,-2.799737829036715,-273.03289425842786,-1.7816665978203594,59.295937593810386,62.710410976306925,,431.34152981610623,100.0,ES
1997-07-01,1.6834390051956305,2.8864960118969663,1.6834390051956305,4.400681502071069,4.370046209948253,,-1.695275096633475,-4.594700244160821,2.025569837929787,0.0,,,,,0.0,0.0,0.0,0.0,0.0,0.0,2.9046061733909365,0.7347615345502163,-2.422392445332134,-272.6620067089151,-1.221167168195306,59.94730421113668,63.16458108365624,,451.28038026861964,100.0,ES
1997-10-01,1.8350988856592032,2.606133611388728,1.8350988856592032,4.290655467294746,3.5458646114434167,,-3.1462304935570895,-3.163929430611523,2.595261401697176,0.0,,,,,0.0,0.0,0.0,0.0,0.0,0.0,2.69070471584459,1.2502002393396765,-2.107760412762013,-272.4270739589014,-0.8556058301853868,60.48107914414721,63.57746299942832,,451.28038026861964,100.0,ES
1998-01-01,1.7339296076309019,1.0377176045679448,1.7339296076309019,3.335954621471471,1.670176708644977,,-5.158758075916792,-1.6758461353167053,3.42481527362985,0.0,,,,,0.0,0.0,0.0,0.0,0.0,0.0,2.4993496942018525,1.6442536536530952,-1.9213850072639511,-272.2689591828821,-0.7654200865709506,60.73414232602297,63.74261576573714,,451.28038026861964,100.0,ES
1998-04-01,1.9261266580282488,1.1741594042593562,1.9261266580282488,3.319259659034013,3.690951106099405,,-5.790717365161191,-1.2364840420530765,3.3998223050520444,0.0,,,,,0.0,0.0,0.0,0.0,0.0,0.0,2.3847050869671316,0.48027219165777524,-1.2837713074115142,-271.6397612574221,-0.4585784289388828,61.297152760732445,63.93000063520296,,451.28038026861964,100.0,ES
1998-07-01,1.9321385841747585,2.910543716483005,1.9321385841747585,2.595657645919447,1.475638157489989,,-7.625854083958528,-0.4221362972864906,3.384836918277749,0.0,,,,,0.0,0.0,0.0,0.0,0.0,0.0,2.294191786408657,0.9761444493856857,-0.972467589216178,-271.9984876471704,-0.3620532022338985,61.52370142751904,64.39687480149907,,466.5888104611172,100.0,ES
1998-10-01,1.408753456541234,0.5125931008546303,1.408753456541234,2.365047445663504,2.623423810419645,,-8.654193350621009,-1.5919599716036181,3.809603445787694,0.0,,,,,0.0,0.0,0.0,0.0,0.0,0.0,2.1171041204351724,1.1228012258636113,-1.281951259303356,-271.47077996977913,-0.7083506638939383,61.928534395005535,64.4794511846535,,466.5888104611172,100.0,ES
1999-01-01,1.78761364819362,2.5531583711774886,1.78761364819362,2.7013388071310596,3.0153421545151993,,-7.15689532788244,-0.9557731259969504,4.780747659412004,0.0,486.0,20.018780135259178,,,0.0,0.0,0.0,0.0,0.0,0.0,2.051206025986862,1.574403790915028,-0.7117360460082325,-271.3552340239448,-0.26359237779324207,62.397137725948674,64.89233310042559,46.285714285714285,466.5888104611172,100.0,ES
1999-04-01,2.1574908644693025,2.653668269362086,2.1574908644693025,2.0377327011259494,1.0365266820789643,,-1.6268963291946825,0.06681087631319471,5.147215750229751,0.0,486.0,20.064110544005974,,,0.0,0.0,0.0,0.0,0.0,0.0,2.07246299368335,1.4121647237344064,-0.22721422249782908,-271.75951942076546,0.08502787078595242,62.55903814833327,65.32427110461792,46.285714285714285,466.5888104611172,100.0,ES
1999-07-01,2.2819127626259927,3.408231309109766,2.2819127626259927,2.588358165663718,3.6781400156410626,,4.828936142261853,-1.4653574856346552,4.7857384573482715,0.0,486.0,19.983148576765338,,,0.0,0.0,0.0,0.0,0.0,0.0,2.1143529474718785,1.2252281263565123,-0.012279023782664211,-271.69204224413267,0.16755981515411422,63.13694335049552,65.88324969827859,46.285714285714285,479.36473872381333,100.0,ES
1999-10-01,2.5962856520705735,1.7700846586329533,2.5962856520705735,3.289656197152402,5.428615936374381,,5.735729816567714,-1.138227954633475,4.7524234943744865,0.0,486.0,19.674593978908504,,,0.0,0.0,0.0,0.0,0.0,0.0,2.2107394883916176,0.7363451230413602,0.4791815316354011,-270.7774094246973,0.3855461636789559,63.99964977839391,66.17544305405576,46.285714285714285,479.36473872381333,100.0,ES
2000-01-01,2.9180492861708984,3.8402129075787883,2.9180492861708984,3.364083673412499,3.313052059555588,,9.896161945573834,-1.674800474421767,4.917334210201888,2.036730282443422,496.0,20.232390646756613,0.21361051149743904,0.030376139776020772,0.7,0.21,0.0,0.0,0.0,0.0,2.3522014479474738,1.3006481101687086,0.8668432601840363,-270.9091996367031,0.5658478382234247,64.53193653133114,66.81382201613417,47.23809523809524,479.36473872381333,100.0,ES
2000-04-01,3.205556001806542,3.803695131904661,3.205556001806542,3.7524526673991643,2.5900026580256252,,10.526877448495275,-2.138058304275292,5.018952193294734,2.036730282443422,496.0,20.00986501996718,-0.05424552403879568,0.1083010836847722,0.6900351974970669,0.20701055924912007,0.0,0.0,0.0,0.0,2.5228723587192876,0.974865065199026,1.133093008123192,-271.21262275517284,0.6826836430872545,64.95113694732468,67.45220097821255,47.23809523809524,479.36473872381333,100.0,ES
2000-07-01,3.5981916104375955,4.97877374363398,3.5981916104375955,4.045400851106673,4.849932750471098,,6.4592751366855605,-1.09358643253743,4.7024535485610155,2.036730282443422,496.0,19.849582429751305,-0.1335661470140359,0.2456469847711713,0.6800703949941337,0.2040211184982401,0.0,0.0,0.0,0.0,2.737936209062949,0.8475773417920323,1.483838662965717,-271.2448330034636,0.8602554013746464,65.74345220099892,68.29702089817698,47.23809523809524,495.76528703204934,100.0,ES
2000-10-01,3.9661790163433963,3.2420342822561565,3.9661790163433963,2.945998980153086,1.0310084525600338,,9.481207741019482,0.3278465357393401,4.57751818970906,2.036730282443422,496.0,19.622490252523413,-0.05210372638509431,0.2496420989594485,0.6699960891669925,0.20099882675009775,0.0,0.0,0.0,0.0,2.9835847705190384,1.7919993367241887,1.7554395279517787,-271.7975894608876,0.982594245824358,65.9131259131502,68.85282347710094,47.23809523809524,495.76528703204934,100.0,ES
2001-01-01,2.8260661826388755,-0.7202384272392948,2.8260661826388755,3.0847659573387753,3.8681199682983447,,1.5183790467139247,1.1591231868277152,4.894013836066126,1.996074256253788,506.0,18.774722968809993,-1.4576676779466224,-1.061083660967767,0.6599217833398513,0.1979765350019554,0.0,0.0,0.0,0.0,2.9520810529430057,0.8690413546141826,0.4738647346914018,-270.6504998620032,-0.12601487030413017,66.55361749099777,68.7289589023693,48.19047619047619,495.76528703204934,100.0,ES
2001-04-01,3.6295331815100695,7.017563127389437,3.6295331815100695,2.7627927022466414,1.3021096376570895,,0.4613541119586895,2.481047347832721,4.579187785774453,1.996074256253788,506.0,19.25933052856231,-0.7505344914048723,-0.7873807644339357,0.6500664841611263,0.1950199452483379,0.0,0.0,0.0,0.0,3.0875714786564186,1.647061151256878,1.106660822790782,-272.07936323443624,0.541961702853651,66.77062076883354,69.94537254652863,48.19047619047619,495.76528703204934,100.0,ES
2001-07-01,2.2075951699200402,-0.7089783027261376,2.2075951699200402,3.0443952675575314,5.976343011714658,,-4.587855386381046,2.3584858656398477,4.079461342249887,1.996074256253788,506.0,19.123149434496163,-0.7264329952551413,-0.5083489458562257,0.6401016816581931,0.19203050449745793,0.0,0.0,0.0,0.0,2.911576216909143,-0.2437350379898362,-0.5303410391429089,-270.408032905826,-0.7039810469891026,67.77572093281788,69.82150797179699,48.19047619047619,511.2968097962814,100.0,ES
2001-10-01,2.4873731353588724,4.361146144011485,2.4873731353588724,3.4036027357044807,2.467838325147831,2.8781415308936076,-12.308676861813872,1.4932689241847097,3.5780628040127205,1.996074256253788,506.0,19.726289205146582,0.1037989526231714,-0.20462130901830955,0.630027375831052,0.1890082127493156,0.0,0.0,0.0,0.0,2.826735600599089,0.7746129032383919,-0.496211635160166,-270.88135986054203,-0.3393624652402165,68.19516229828115,70.5869275233437,48.19047619047619,511.2968097962814,100.0,ES
2002-01-01,3.1029285255241845,1.7419831334219538,3.1029285255241845,3.4755082813313187,4.155742150805697,3.400280651249421,-5.918146358075349,0.731216019600156,2.5402881647113933,1.9570096194096998,516.0,19.951483203787333,1.1767602349773392,-0.28725083036391985,0.6199530700039108,0.18598592100117323,0.0,0.0,0.0,0.0,2.881974185584108,0.5587159151202172,0.1508474725811788,-270.27792010619606,0.2209543399400764,68.90735930215331,70.89500095280442,49.142857142857146,511.2968097962814,100.0,ES
2002-04-01,3.563762121573344,8.860897511586074,3.563762121573344,4.063973566871137,3.6559707798163643,3.7995919038551484,-6.30991478597922,0.8804812599933154,2.168822779474633,1.9570096194096998,516.0,20.000658512091928,0.7413279835296216,0.06225317214019033,0.6100977708251857,0.1830293312475557,0.0,0.0,0.0,0.0,3.018331772781955,1.2212189667715165,0.47619064291692537,-271.57915178913845,0.5454303487913887,69.5400545219905,72.48300832115862,49.142857142857146,511.2968097962814,100.0,ES
2002-07-01,3.512896403570931,-0.9124411747357897,3.512896403570931,3.575143604701392,4.021023163035675,3.54644114995617,-3.685518891845163,1.2500049706279714,1.36926216891543,1.9570096194096998,516.0,20.01629012884011,0.8931406943439496,-0.4165544879768929,0.6001329683222526,0.18003989049667576,0.0,0.0,0.0,0.0,3.1172446989397504,-0.2450361535438219,0.6013201866617881,-270.3457857046956,0.3956517046311805,70.24263539790363,72.31785555484977,49.142857142857146,529.3793832836014,100.0,ES
2002-10-01,3.9177448394584147,5.98053988756142,3.9177448394584147,3.7151032359105107,3.0276768499843065,3.655049322948667,0.5435062719783446,1.018462678480203,1.1926877679140535,1.9570096194096998,516.0,20.33658358121113,0.6102943760645463,0.12626877183350882,0.5900586624951114,0.17701759874853343,0.0,0.0,0.0,0.0,3.2773447270434835,1.0626416778935663,1.0910092388593258,-271.0840014640899,0.6404001124149312,70.7763326811546,73.40722860954075,49.142857142857146,529.3793832836014,100.0,ES
2003-01-01,3.7112947276631836,0.9161826862410294,3.7112947276631836,3.161955225739743,1.9431501101226267,3.064962559564055,2.7318389909339658,1.4821248136441145,0.8678606323016123,1.9194447256147384,526.0,19.785715403759763,-0.1657678000275692,-0.5444285737235117,0.5799843566679702,0.17399530700039106,0.0,0.0,0.0,0.0,3.3641347271674236,1.2165283159317823,0.8293205420790755,-270.82725960811945,0.34716000049576,71.12099175536162,73.5755573905863,50.095238095238095,529.3793832836014,100.0,ES
2003-04-01,2.8594355189451193,5.453460676713817,2.8594355189451193,2.4844289729665237,0.9458657687234862,3.129229624207941,-3.069096937420568,0.8836802167533797,0.8711953268674169,1.9194447256147384,526.0,19.692305324241538,-0.3083531878503909,-0.4563359196667066,0.5701290574892451,0.17103871724677353,0.0,0.0,0.0,0.0,3.263194885522963,1.7226381756127012,-0.15889625383683592,-271.9541583351171,-0.4037593665778436,71.28936803244694,74.58553007685954,50.095238095238095,529.3793832836014,100.0,ES
2003-07-01,2.9511899026320343,-0.5454236399881296,2.9511899026320343,2.2098204870792504,2.922589219486582,2.9330717286325303,-1.9506315477584746,1.571880862480457,0.49307004735844195,1.9194447256147384,526.0,19.82096509349012,-0.19532503534999135,-0.39663494894666845,0.5601642549863121,0.1680492764958936,0.0,0.0,0.0,0.0,3.2007938889447773,0.5844314523437788,-0.16605479630771613,-271.0871551202484,-0.24960398631274305,71.81214939690912,74.48389760528488,50.095238095238095,546.3855694843743,100.0,ES
2003-10-01,2.718730068609787,5.050700551472431,2.718730068609787,2.3845846348460764,3.7267334410516106,2.576381193290178,-2.689572810370233,1.5491491681038916,0.4430906066855762,1.9194447256147384,526.0,19.66099414811327,-0.675589433097859,-0.8146713435175014,0.5500899491591709,0.16502698474775127,0.0,0.0,0.0,0.0,3.1043811248777793,1.4972306886714932,-0.5586146584336964,-271.41814689785366,-0.38565105626799223,72.4843377144946,75.43034999682399,50.095238095238095,546.3855694843743,100.0,ES
2004-01-01,2.190289288422065,-1.1975804345098595,2.190289288422065,2.737603341071848,3.3552249350257135,2.2565059992089687,-4.997678402383343,0.9371126799264218,0.4530886936296916,2.0696881771154807,537.0,20.437012296051076,0.6512968922913143,0.4894247514628648,0.5400156433320297,0.1620046929996089,0.0,0.0,0.0,0.0,2.9215627575866363,0.7999583893260933,-1.1738454387453587,-270.2799455554697,-0.7312734691645715,73.0948979866594,75.2048529505177,51.142857142857146,546.3855694843743,100.0,ES
2004-04-01,3.160231134435687,9.333228060768306,3.160231134435687,3.025961979978109,2.0993003243485298,2.442497830133039,1.8907168896573623,1.4538085002151035,0.336485323762556,2.0696881771154807,537.0,20.524192959125518,0.8318876348839793,0.43895854363163966,0.5300508408290966,0.15901525224872898,0.0,0.0,0.0,0.0,2.9692964329564466,2.042249219368273,-0.10296375108727585,-272.08842748957466,0.1909347014792404,73.47952677560994,76.98024518833768,51.142857142857146,546.3855694843743,100.0,ES
2004-07-01,3.2470657492641664,-0.19808518067421232,3.2470657492641664,2.9416958390692693,2.5855246558512235,2.5060197833226106,3.8448072020648816,0.9770641285312909,0.44475670464487393,8.558450397702977,573.0,20.647050781109456,0.8260856876193351,0.91655264073143,0.5200860383261634,0.15602581149784903,0.0,0.0,0.0,0.0,3.0248502962179904,0.9844988481024757,0.04627186031938901,-271.39252503044327,0.22221545304617596,73.95602292770977,76.94213301149718,54.57142857142857,561.5500638717167,100.0,ES
2004-10-01,3.4147135552580643,5.721291775448023,3.4147135552580643,2.738268073364014,2.9130223782305897,2.603918501783742,6.526828606601054,0.5790490315273455,0.7512637589172204,8.558450397702977,573.0,20.28738005417247,0.6263859060592014,0.6864809536571045,0.5100117324990223,0.1530035197497067,0.0,0.0,0.0,0.0,3.102822948026005,2.079698945289806,0.310332430380285,-272.0945923797476,0.3118906072320593,74.49657772341101,78.0505621546084,54.57142857142857,561.5500638717167,100.0,ES
2005-01-01,3.2368781372802857,-1.9089221064209738,3.2368781372802857,2.2564284601923834,1.4278664823391907,2.5911236452572872,4.79075124688606,1.2751263197931628,1.2559869971313535,10.926350360658432,599.0,20.538631223298804,0.10161892724772636,0.5318505931663006,0.49993742667188107,0.14998122800156433,0.0,0.0,0.0,0.0,3.129633985876861,1.485446343228375,0.3153153796936494,-271.26039523255764,0.10724415140342458,74.7629808415785,77.6789684304135,57.04761904761905,561.5500638717167,100.0,ES
2005-04-01,3.1913714816604433,9.151201438288936,3.1913714816604433,3.155225954252683,5.694490300589727,2.395622507719697,4.755014132718438,0.341316411167103,1.62911848032741,10.926350360658432,599.0,20.330861921737124,-0.19333103738839175,0.44592713878042656,0.490082127493156,0.1470246382479468,0.0,0.0,0.0,0.0,3.1419814850335777,2.262516915486515,0.22207504870399664,-272.1245730169824,0.04938999662686561,75.83493570604104,79.47659277139047,57.04761904761905,561.5500638717167,100.0,ES
2005-07-01,3.3966218397864623,0.6229162518298637,3.3966218397864623,2.9013096103646108,1.5698592802989353,2.433304050588614,9.087193264984483,-0.15517112260905463,2.2371229511358734,4.437588140070936,599.0,20.36064612432029,-0.28640465678916593,0.6502542790280446,0.48011732499022286,0.14403519749706686,0.0,0.0,0.0,0.0,3.1929095559841545,1.8031426225970222,0.37177154356847186,-271.88783725986514,0.20371228380230777,76.13314595239271,79.6004573461221,57.04761904761905,574.3650764037006,100.0,ES
2005-10-01,3.482889368727804,6.06636189121339,3.482889368727804,3.298278890533357,4.500899498905575,2.6351736182392393,6.4194083855186435,0.25228904907144134,2.0322333802269323,4.437588140070936,599.0,20.66550952660652,0.3781294724340495,0.40289449144560174,0.47004301916308167,0.1410129057489245,0.0,0.0,0.0,0.0,3.2509055185328846,2.012826332028453,0.38006642070179897,-272.2792028579421,0.2319838501949194,76.99465290399951,80.8168709902814,57.04761904761905,574.3650764037006,100.0,ES
2006-01-01,3.9836964603367164,0.09430626001467601,3.9836964603367164,3.900555803429051,3.8369741339219665,2.763461983470883,8.579691587473448,0.08235543534516054,1.9023029257655093,5.204426442576349,631.0,20.76972092902286,0.23108970572405796,0.13908024915477696,0.4599687133359405,0.13799061400078216,0.0,0.0,0.0,0.0,3.397463706893651,0.8550412871819617,0.8540624744598553,-271.34353588946533,0.5862327534430656,77.73677281122376,80.83592707870163,60.095238095238095,574.3650764037006,100.0,ES
2006-04-01,3.9145398001605436,8.874574797584245,3.9145398001605436,3.597842777135618,4.483638195415995,2.896697622773381,8.491936228921526,-0.07992352699828231,2.03556477657842,5.204426442576349,631.0,21.001845302168228,0.6709833804311033,0.39162304356011557,0.45011341415721545,0.13503402424716462,0.0,0.0,0.0,0.0,3.5008789255470294,1.8012032938177072,0.7725583151269659,-272.44127004000734,0.4136608746135142,78.61303359130387,82.64943149336213,60.095238095238095,574.3650764037006,100.0,ES
2006-07-01,3.5087192273092427,-1.00036603957534,3.5087192273092427,4.228371432478961,4.091973901672308,2.8587345604838887,1.850468808508543,0.004625665859059325,2.155500642201819,5.204426442576349,631.0,20.998187858652976,0.6375417343326861,0.09123296083744381,0.4401486116542823,0.1320445834962847,0.0,0.0,0.0,0.0,3.5024469858994722,0.26233116873783047,0.3158096713250882,-271.1681850546954,0.0062722414097704515,79.42136734712487,82.4429905354761,60.095238095238095,597.2111725949873,100.0,ES
2006-10-01,2.6104459115634526,2.4732686282302296,2.6104459115634526,4.278807357953451,4.702643200803536,2.633140182194449,-3.994416541995305,-0.8216729514446186,2.038897072442907,5.204426442576349,631.0,21.08652037617555,0.42101084956902846,0.29847539419097624,0.4300743058271411,0.12902229174814234,0.0,0.0,0.0,0.0,3.3240467710322683,-0.4316120273535944,-0.6404596069694319,-270.6108414115522,-0.7136008594688157,80.36060352756515,82.95432890808614,60.095238095238095,597.2111725949873,100.0,ES
2007-01-01,2.437441168790677,-0.5977127110764258,2.437441168790677,3.96968307640464,2.6004770077267203,2.626736831880283,-5.053225356079594,-0.6896345056158548,1.9522764696309611,5.398380799917657,666.0,20.73729897828629,-0.03242195073657195,-0.09610542280702128,0.42,0.126,0.0,0.0,0.0,0.0,3.1467256505839503,-1.3014800412172463,-0.9600225381029737,-269.81129398185135,-0.7092844817932731,80.88474520896403,82.83046433335451,63.42857142857143,597.2111725949873,100.0,ES
2007-04-01,2.4146042305217996,8.783227044508735,2.4146042305217996,4.210259056417298,5.445942115466629,2.5680154485311135,-5.302787048230284,-0.8475813175448987,2.0205723436190013,5.398380799917657,666.0,21.232604373757454,0.23075907158922604,0.034527392696147685,0.4101447008212749,0.12304341024638246,0.0,0.0,0.0,0.0,3.00030136657152,-0.4194813436708955,-1.0862746950252298,-270.64561521411184,-0.5856971360497205,81.99351001920162,84.66937686590866,63.42857142857143,597.2111725949873,100.0,ES
2007-07-01,2.398013891376749,-1.0667273961555424,2.398013891376749,4.495631951824763,5.233465483302169,2.4469189025855265,-4.874355076213099,-1.2022322322656986,1.5791445366784078,5.398380799917657,666.0,21.497642451850076,0.4994545931971017,-0.16040259786445754,0.4001798983183418,0.12005396949550252,0.0,0.0,0.0,0.0,2.879843871532566,-2.0007704948554306,-1.1044330945227232,-269.07056699424743,-0.4818299801558168,83.07333415462796,84.44387981960236,63.42857142857143,621.3954063747523,100.0,ES
2007-10-01,3.9413598624818746,8.646652512650732,3.9413598624818746,4.847779665196272,6.111234054289572,2.3450816202795544,4.377965877117784,1.134696224117837,1.062758113019738,5.398380799917657,666.0,21.73575279726361,0.6492324210880612,0.03518574689569276,0.3901055924912006,0.11703167774736017,0.0,0.0,0.0,0.0,3.0921470697224276,-1.2048629640261765,0.6173130914496063,-269.7044216088377,0.849212792759447,84.35228067573514,86.28914438162994,63.42857142857143,621.3954063747523,100.0,ES
2008-01-01,4.373798428541686,1.1320415531628214,4.373798428541686,6.67213812890739,9.897910862571191,2.355270086385719,6.0407940813426375,-0.29428753883902203,0.24486742653159688,4.979066450301506,700.0,21.990126432652303,1.252827454366015,-0.06645513361937194,0.3800312866640594,0.11400938599921781,0.0,0.0,0.0,0.0,3.348477341486279,-3.2988258412694336,1.2270727779577362,-267.51295428148563,1.0253210870554073,86.46559801538727,86.53369751635648,66.66666666666667,621.3954063747523,100.0,ES
2008-04-01,4.557156617619196,9.516659800818772,4.557156617619196,6.999843262226357,6.756762648742498,2.220028051556966,8.118359052378077,-0.6851089262748022,-0.9045102898412054,4.979066450301506,700.0,22.62071277468875,1.3881084009312983,-0.6925419344315022,0.3700664841611263,0.11101994524833789,0.0,0.0,0.0,0.0,3.5902131967128623,-2.2941582376593033,1.5568552510476756,-268.20292856950476,0.9669434209063335,87.93857247227461,88.61716318363716,66.66666666666667,621.3954063747523,100.0,ES
2008-07-01,4.831006154723383,0.02867075226120619,4.831006154723383,7.377190096555863,6.742852820620193,2.5014704336355997,9.069838314554879,-1.2097822851420137,-2.0372270266210197,4.979066450301506,700.0,23.43498733181392,1.9373448799638453,-0.26303564581597216,0.3601016816581932,0.10803050449745795,0.0,0.0,0.0,0.0,3.8383717883149666,-3.7114203062097886,1.951162283190817,-266.524383052415,0.9926343664084163,89.43352954447613,88.6235152131106,66.66666666666667,664.2701943042407,100.0,ES
2008-10-01,2.4504970820403926,-0.875383778081229,2.4504970820403926,6.193564216639458,1.376730534623949,2.444335590811164,-5.70191704490397,-2.987620681320946,-4.212716196850614,4.979066450301506,700.0,23.117954911433173,1.3822021141695617,-2.291414464138897,0.350027375831052,0.10500821274931559,0.0,0.0,0.0,0.0,3.5607968470600517,-3.877845507770246,-0.641649987682035,-265.9613544742386,-1.110299765019659,89.74187455242618,88.42977831417137,66.66666666666667,664.2701943042407,100.0,ES
2009-01-01,0.4759995805968309,-6.7659484526114255,0.4759995805968309,5.136346989466367,5.669041953878828,1.601115823501953,-15.195410501067474,-3.4622630285271683,-6.811568610709232,3.9220713153281572,728.0,25.27445153142506,3.2843250987727584,-1.1768407925194704,0.3399530700039108,0.10198592100117324,0.0,0.0,0.0,0.0,2.9438373937674074,-6.5263260946179,-2.8724777608894483,-262.85260687261615,-2.4678378131705765,91.02280631103699,86.94657943212856,69.33333333333333,664.2701943042407,100.0,ES
2009-04-01,-0.6688507080780504,4.937258646119247,-0.6688507080780504,4.070590008419517,2.4937347245550967,1.1576947766114287,-18.984119618918392,-4.167417067973211,-7.581265585638599,3.9220713153281572,728.0,25.36105196955797,2.740339194869215,-0.7360919904939567,0.3300977708251857,0.09902933124755571,0.0,0.0,0.0,0.0,2.2212997733983157,-5.159271732573927,-4.259063904790913,-263.4634878530071,-2.890150481476366,91.59204571446566,88.02642444260943,69.33333333333333,664.2701943042407,100.0,ES
2009-07-01,-0.9976492319228925,-1.2865233431181622,-0.9976492319228925,3.3183029895816674,3.7337047452687955,0.45423413018967906,-16.17415959592714,-3.6404240819320144,-7.61930237350008,3.9220713153281572,728.0,26.06068982993256,2.6257024981186374,-0.4254119031076393,0.32013296832225263,0.09603989049667579,0.0,0.0,0.0,0.0,1.5775099723340742,-5.773715096852186,-4.836021020237859,-262.20843083091034,-2.5751592042569666,92.45099243400287,87.74375913104235,69.33333333333333,699.2808541449026,100.0,ES
2009-10-01,0.24392880768147052,4.090928380336223,0.24392880768147052,3.4459617705485224,1.887365658491369,0.2810306299255494,-2.8079349966469547,-3.96392511732504,-7.805683885726218,3.9220713153281572,728.0,25.762296073203455,2.644341161770283,1.3269655768086959,0.31005866249511144,0.09301759874853342,0.0,0.0,0.0,0.0,1.3107937394035534,-4.484979483650818,-3.316868039378581,-262.75932151137164,-1.0668649317220829,92.88824526327514,88.64574731626756,69.33333333333333,699.2808541449026,100.0,ES
2010-01-01,1.259567642417636,-2.7033931136667633,1.259567642417636,2.2460547562153765,0.869413896546245,0.08820365029302835,8.743954208614246,-2.1317542810388,-7.835416033208421,1.499687275151551,739.0,26.491219028968327,1.216767497543264,1.2114973817150252,0.29998435666797024,0.08999530700039107,0.0,0.0,0.0,0.0,1.30054852000637,-4.68265134051461,-1.6842697513497713,-261.8661197588183,-0.04098087758873392,93.09036066427191,88.04865654576639,70.38095238095238,699.2808541449026,100.0,ES
2010-04-01,2.279351770085558,9.016395156790935,2.279351770085558,2.0874581510683,1.8593483039667902,0.8320578308211424,11.467765034090949,-0.8506801853171986,-7.910161708595563,1.499687275151551,739.0,26.398608401091767,1.0375564315337982,0.022509102642672474,0.29012905748924517,0.08703871724677355,0.0,0.0,0.0,0.0,1.4963091700222075,-2.1464747520612946,0.05805199668724237,-263.6553814720244,0.7830426000633506,93.52408645297905,90.05589785936604,70.38095238095238,699.2808541449026,100.0,ES
2010-07-01,2.0173749718681577,-2.3344305359877637,2.0173749718681577,0.6750211168069287,-1.9160433917766895,1.0554003258217648,9.342634185906995,0.3910359370369765,-7.4415947767793025,1.499687275151551,739.0,26.71283301891133,0.652143188978771,-0.25395787981046514,0.28016425498631203,0.08404927649589361,0.0,0.0,0.0,0.0,1.6005223303913976,-1.7342020785585532,0.43986499953408353,-263.55078468597156,0.41685264147676016,93.07716718387061,89.53185542780918,70.38095238095238,715.1647983201748,100.0,ES
2010-10-01,2.5154776530503575,6.083339105065022,2.5154776530503575,0.14303378474558315,-0.24058366975401313,1.171094567566211,12.320307328911362,1.6217827829421605,-7.066359391233362,1.499687275151551,739.0,27.087807959570437,1.3255118863669813,0.502341679127378,0.2700899491591709,0.08102698474775126,0.0,0.0,0.0,0.0,1.7835133949231896,0.3433070426947893,1.2046839136468042,-265.1317653796764,0.7319642581271679,93.021201899846,90.90389379406722,70.38095238095238,715.1647983201748,100.0,ES
2011-01-01,3.1948196863805123,0.013975019653855725,3.1948196863805123,0.16773082620880064,0.968202062399115,1.122188799785473,16.793708870331514,2.4042084698741917,-6.777789803809053,1.2105057026276178,748.0,26.24821359707824,-0.2430054318900865,-0.9094655468290538,0.2600156433320297,0.07800469299960891,0.0,0.0,0.0,0.0,2.065774653214654,0.38382433741185196,1.8942711663741423,-264.89320861899006,1.1290450331658581,93.24663291706767,90.90706980880393,71.23809523809524,715.1647983201748,100.0,ES
2011-04-01,3.2511059732832415,9.241540304401852,3.2511059732832415,-0.3471032176869393,-0.1999878716161696,1.413378710340396,15.271464785903577,3.3237400432564623,-6.462559829425093,1.2105057026276178,748.0,26.025245473380775,-0.37336292771099067,-0.9553796875042976,0.2501603441533046,0.07504810324599138,0.0,0.0,0.0,0.0,2.3028409172283717,3.0832646909773302,1.754796803261034,-267.25359066299455,0.9482650560548698,93.20002408040996,93.03182366766181,71.23809523809524,715.1647983201748,100.0,ES
2011-07-01,2.8707763285297005,-3.8557491150019274,2.8707763285297005,-0.022708689943229388,-0.6184652808018498,0.9652217262798857,14.59937502669546,2.730272376753673,-6.690669468081467,1.2105057026276178,748.0,26.52860465248517,-0.18422836642615903,-1.7270905545678343,0.2401955416503715,0.07205866249511145,0.0,0.0,0.0,0.0,2.4164279994886373,2.277881612753049,1.270253998138303,-266.4442697044446,0.45434832904106326,93.05603297830831,92.13936352664678,71.23809523809524,716.3653567169434,100.0,ES
2011-10-01,2.7057088353874548,5.423069132496039,2.7057088353874548,0.008218483794220077,-0.11687497480421527,1.0898176862058406,12.050022804603033,2.911670766380503,-6.873779106737846,1.2105057026276178,748.0,27.27557957120446,0.18777161163402445,-1.468602550769859,0.2301212358232303,0.06903637074696908,0.0,0.0,0.0,0.0,2.474284166668401,3.8191716620244733,0.9221954404642652,-267.8292557312696,0.23142466871905398,93.02884714640669,93.39706536238327,71.23809523809524,716.3653567169434,100.0,ES
2012-01-01,1.8690192069223066,-3.332783494206737,1.8690192069223066,-0.48330772660580834,-0.9979027792009987,0.8161609546634807,7.960253923394989,2.4956769825734693,-7.103557249096845,0.0,748.0,27.74852804644439,1.5003144493661524,-0.6305716281375344,0.22004692999608916,0.06601407899882675,0.0,0.0,0.0,0.0,2.353231174719182,3.2125248239316306,-0.19675544629234754,-267.24553555251816,-0.48421196779687525,92.79705204007031,92.62211776662643,71.23809523809524,716.3653567169434,100.0,ES
2012-04-01,1.8769891076509282,9.273419907316338,1.8769891076509282,-1.0694165911894649,-2.5444233299507957,0.7531147870248667,8.55964860878724,3.3752690049615897,-7.271675054469128,0.0,748.0,28.357140709108954,2.3318952357281764,0.02659812430459807,0.21008212749315602,0.06302463824794681,0.0,0.0,0.0,0.0,2.257982761305531,6.223185039595876,-0.4258518095774435,-270.19999636183496,-0.380993653654603,92.20863803166486,94.79451184653497,71.23809523809524,716.3653567169434,100.0,ES
2012-07-01,2.7403632242659626,-0.4022526485417899,2.7403632242659626,-1.7262452925620009,-3.245780086291994,1.2998301701844461,12.177688978256729,4.550078311650685,-7.023118994949758,0.0,748.0,28.95379744945196,2.425192796966791,0.7695355891115221,0.2001173249902229,0.060035197497066865,0.0,0.0,0.0,0.0,2.3544588538976177,6.61309088554583,0.3239352247773253,-270.9108782212725,0.3859043703683449,91.46344314121507,94.69923140443372,71.23809523809524,712.9114607933258,100.0,ES
2012-10-01,3.1234232677827656,6.955309306563251,3.1234232677827656,-4.755784886674497,-12.235033351254199,2.197669767960786,13.157268002333078,7.812783883158314,-6.762886314984808,0.0,748.0,29.304487199321755,2.0289076281172935,0.44343996040285205,0.19004301916308175,0.05701290574892452,0.0,0.0,0.0,0.0,2.508251736674647,11.079719926549103,0.6491391011143648,-275.70846388572687,0.6151715311081185,88.7081511278205,96.36028711173219,71.23809523809524,712.9114607933258,100.0,ES
2013-01-01,2.726273156481618,-4.921383939411328,2.726273156481618,-1.469593337487507,12.14686341754696,2.111682019043748,6.127965639751043,4.949348150774924,-6.412634695952942,0.6662249825415856,753.0,29.05384849406754,1.3053204476231484,0.15991342906553374,0.17996871333594056,0.053990614000782165,0.0,0.0,0.0,0.0,2.5518560206360412,5.964366250817193,0.37304198176243597,-271.44140204648727,0.1744171358455766,91.44328454872793,95.18198564441339,71.71428571428571,712.9114607933258,100.0,ES
2013-04-01,1.8358276136843266,5.711637736127173,1.8358276136843266,-1.8946752694628088,-4.244751057852003,1.893011270276812,0.7619251985391706,5.2415355563233845,-5.522353315530207,0.6662249825415856,753.0,28.982294238868562,0.6251535297596089,0.1953760160166546,0.17011341415721548,0.05103402424716464,0.0,0.0,0.0,0.0,2.4086503392456984,8.063488752148373,-0.42215514762120465,-273.9304992449821,-0.5728227255613718,90.47803024022951,96.55084799593469,71.71428571428571,712.9114607933258,100.0,ES
2013-07-01,1.3259789159543622,-2.441647439461647,1.3259789159543622,-1.1397307174184412,-0.22600187811452344,1.115253195047483,-1.0283437794190498,5.121338001036868,-4.693707771946464,0.6662249825415856,753.0,29.35249192501585,0.3986944755638877,-0.034479205772746435,0.1601486116542823,0.04804458349628469,0.0,0.0,0.0,0.0,2.192116054587431,6.8123758688768135,-1.0284799379432554,-273.37658785464527,-0.8661371386330687,90.42692416726868,95.96328526964365,71.71428571428571,702.5111696352546,100.0,ES
2013-10-01,0.21729834382577806,2.5205870180489143,0.21729834382577806,1.9506543186994296,0.12650679321728475,-0.08950622997314639,-3.0621420528640364,-0.02284280947177919,-3.794999999999998,0.6662249825415856,753.0,28.80277475849098,-0.501712440830776,-0.28218908798682674,0.1500743058271412,0.04502229174814236,0.0,0.0,0.0,0.0,1.7971525124351004,6.823371670868482,-2.290953392848869,-273.97510791085324,-1.5798541686093224,90.45552774070545,96.56990408435496,71.71428571428571,702.5111696352546,100.0,ES
2014-01-01,0.03336224759040718,-5.657128324352811,0.03336224759040718,-0.8328847894733205,1.01270698485596,-0.1423391300069632,-0.19506390061998502,2.0056115231637417,-2.8649999999999984,0.0,753.0,28.99130860570449,-0.06253988836305013,0.4978369134010926,0.14,0.042,0.0,0.0,0.0,0.0,1.4443944594661617,4.49951946006729,-2.518493773045634,-272.30764908355104,-1.4110322118757546,90.68483025044384,95.21374579178047,71.71428571428571,702.5111696352546,100.0,ES
2014-04-01,0.19717390548397162,6.366884367701431,0.19717390548397162,0.49884129320560966,1.0821532728637173,-0.026414845296507394,1.855993660327293,-0.8234510324941269,-1.8250000000000028,0.0,753.0,29.198472112372087,0.2161778735035258,0.8377169006928192,0.14,0.042,0.0,0.0,0.0,0.0,1.1949503486697237,5.402176963032616,-2.2114764337617268,-273.6288318572605,-0.9977764431857521,90.93049963014464,96.74140888013721,71.71428571428571,702.5111696352546,100.0,ES
2014-07-01,-0.3846541201935949,-4.768959542171913,-0.3846541201935949,0.7000096538299694,0.5786715643829154,-0.09078224653871203,-0.9038222168891608,-2.0773030838463935,-1.0300000000000011,0.0,753.0,28.405847400324326,-0.9466445246915256,-0.28091669044176404,0.14,0.042,0.0,0.0,0.0,0.0,0.87902945489706,3.4250447015502345,-2.576770174781026,-272.29192408062175,-1.263683575090655,91.06214206553057,95.59486756018548,71.71428571428571,696.6843599484425,100.0,ES
2014-10-01,-0.606982136707579,1.6312749519929781,-0.606982136707579,0.7051331127740257,0.14700062899350996,-0.1593202673698002,-5.062124136942758,-0.6007963986658815,-0.4800000000000004,0.0,753.0,28.19964099235793,-0.603133766133046,-0.0975404397910179,0.14,0.042,0.0,0.0,0.0,0.0,0.5818271365761322,3.332975878180207,-2.404134649142679,-272.6629926613716,-1.1888092732837112,91.0956136959951,95.98551737280062,71.71428571428571,696.6843599484425,100.0,ES
2015-01-01,-1.147355581731535,-7.818622104448636,-1.147355581731535,1.5120524456315065,4.240384316285883,0.016955762456483114,-11.654070290221874,-1.3140159623474368,0.3150000000000013,0.5298025637554993,757.0,27.631295142269195,-1.3600134634352945,-0.8086826601170425,0.14,0.042,0.0,0.0,0.0,0.0,0.23599059291459867,-0.21636438858337215,-2.591750041197697,-269.64824105618794,-1.3833461746461337,92.06645154004259,94.12754875182621,72.0952380952381,696.6843599484425,100.0,ES
2015-04-01,-0.34201559253492775,9.58824432448786,-0.34201559253492775,1.4024642444586677,0.6438004681723619,0.25065976184865946,-8.023006909761143,-0.19057302372811336,1.1450000000000031,0.5298025637554993,757.0,27.43109074094539,-1.7673813714266962,-1.348734450978072,0.14,0.042,0.0,0.0,0.0,0.0,0.12038935582469339,1.8337375372889255,-1.5369659412046515,-271.8843520202669,-0.46240494835962115,92.21475191435246,96.41110334751953,72.0952380952381,696.6843599484425,100.0,ES
2015-07-01,-0.5630626746977896,-5.653147870823361,-0.5630626746977896,1.169753091041148,-0.3521730492871633,0.4396939300607805,-11.36634746184746,0.45411671928006214,2.125,0.5298025637554993,757.0,26.940505857752573,-1.465341542571752,-0.551664902833986,0.14,0.042,0.0,0.0,0.0,0.0,-0.016301050279803206,0.046140454373642115,-1.4420921295948497,-270.55910831488274,-0.5467616244179864,92.13359876860584,95.05812106968176,72.0952380952381,707.2986373438677,100.0,ES
2015-10-01,-0.4809375926252635,1.9597752802830826,-0.4809375926252635,1.565961846024,1.7318356489249176,0.6258609431929685,-12.331025409344543,0.15824754909115057,2.7650000000000006,0.5298025637554993,757.0,27.397142167400474,-0.8024988249574594,0.11918782843743025,0.14,0.042,0.0,0.0,0.0,0.0,-0.10922835874889526,-0.21488026169123486,-1.0627647292013958,-270.6160932227223,-0.37170923387636823,92.5333641811466,95.52499523597788,72.0952380952381,707.2986373438677,100.0,ES
2016-01-01,-0.802890638581033,-9.106434288271714,-0.802890638581033,-0.06249679672605257,-2.2734502547143265,0.7566836766430995,-13.937634884385153,1.5965090757385614,3.3599999999999994,0.9204535729072205,764.0,26.96287383005171,-0.6684213122174876,0.18683120246723883,0.14,0.042,0.0,0.0,0.0,0.0,-0.24796081471532283,-2.2730144129154155,-1.0388812314956317,-268.90784721433295,-0.5549298238657102,92.00893093311134,93.37483325922632,72.76190476190476,707.2986373438677,100.0,ES
2016-04-01,-1.0431076251728122,8.627376378120744,-1.0431076251728122,-0.0011971352646078515,0.8889991140181408,0.49944245239110785,-14.583116640010285,1.5583076615842018,3.625,0.9204535729072205,764.0,26.954049148361065,-0.4770415925843263,-0.1370482104515509,0.14,0.042,0.0,0.0,0.0,0.0,-0.4069901768068207,-0.4734981468723163,-1.1634969809975055,-270.8424415303587,-0.6361174483659915,92.21364798564589,95.4106587054564,72.76190476190476,707.2986373438677,100.0,ES
2016-07-01,-0.30450591549326944,-2.6987410321051897,-0.30450591549326944,0.1527120202113208,0.2634635726165513,0.6642546579866071,-9.274256852401352,1.3632942249144797,4.304999999999996,0.9204535729072205,764.0,27.018670337916756,0.07816448016418343,0.6552076256362698,0.14,0.042,0.0,0.0,0.0,0.0,-0.38649332454411045,-1.6110635749561197,-0.2882048652134662,-270.1018903791782,0.08198740905084101,92.27440533549066,94.76910372864128,72.76190476190476,706.8567364535746,100.0,ES
2016-10-01,0.7914865884466771,6.343745296042869,0.7914865884466771,0.20915570991359989,1.957610407734034,0.7432777756655184,1.3720145409116036,0.28558457162541906,4.710000000000004,0.9204535729072205,764.0,27.05564505302725,-0.3414971143732237,0.10584050762473524,0.14,0.042,0.0,0.0,0.0,0.0,-0.15089734194595295,-0.7750876251075169,0.9007149471955723,-271.19842410125545,0.94238393039263,92.72710553583092,96.28406275805119,72.76190476190476,706.8567364535746,100.0,ES
2017-01-01,2.6681673415228424,-1.5997112759670529,2.6681673415228424,1.1855935841871057,1.6323012423796968,1.0944433757238414,13.05028154469321,0.20156404359954472,5.034999999999997,7.8026984354456985,826.0,26.576504081734587,-0.38636974831712245,0.2967466026070037,0.14,0.042,0.0,0.0,0.0,0.0,0.41291559474780615,-1.9273922209442276,2.916128156238165,-270.39042097166873,2.2552517467750364,93.10627508222598,95.89976497490949,78.66666666666667,706.8567364535746,100.0,ES
2017-04-01,2.0363141835782805,6.099963746342496,2.0363141835782805,1.1921869310214772,0.9153725013556269,1.325169570389395,6.446364963353757,-0.10114191915842063,5.3750000000000036,7.8026984354456985,826.0,26.37280639644448,-0.581242751916583,0.3460001874315377,0.14,0.042,0.0,0.0,0.0,0.0,0.7375953125139011,-0.8494330756598174,2.4433043603851012,-271.68656878291546,1.2987188710643793,93.31958637303192,97.37343581274216,78.66666666666667,706.8567364535746,100.0,ES
2017-07-01,1.829734421902618,-3.52506007880784,1.829734421902618,1.3534731331468874,0.9086083811181922,1.5777466931026218,3.8966204809741,-0.7293390917363141,5.554999999999996,7.8026984354456985,826.0,26.535700751854925,-0.48296958606183216,0.046740799362912755,0.14,0.042,0.0,0.0,0.0,0.0,0.9560231343916444,-2.348351215658397,2.2162277464467284,-270.578151667934,0.8737112875109735,93.5318047067298,96.51908784856762,78.66666666666667,715.2870605117193,100.0,ES
2017-10-01,1.5416897007709984,5.191566411516391,1.5416897007709984,1.4208497202775838,2.2271167562568195,0.945741460763383,2.598029840304461,0.6049482654438609,5.295000000000002,7.8026984354456985,826.0,26.749639637701428,-0.3060054153258218,-0.013614500436693322,0.14,0.042,0.0,0.0,0.0,0.0,1.0731564476675153,-1.798084159028292,1.6925870427169514,-271.3192640817488,0.46853325310348315,94.05402278219992,97.77996569904084,78.66666666666667,715.2870605117193,100.0,ES
2018-01-01,1.064032570967921,-3.5103397951793625,1.064032570967921,1.3325059618428003,1.2789262086405628,1.141848279690727,-1.021247432403083,-0.1122088917410835,5.285,3.917414846327727,859.0,26.688594359290104,0.11209027755551548,0.5582556430983512,0.14,0.042,0.0,0.0,0.0,0.0,1.0713316723275965,-3.2886894890517056,0.6511169762201149,-270.12194758079386,-0.007299101359675486,94.3552244308694,96.92561773486631,81.80952380952381,715.2870605117193,100.0,ES
2018-04-01,1.826077275259319,9.148142563508088,1.826077275259319,1.6562721633909705,2.2104373075483075,1.0104996842986047,4.788348253004671,0.36308615543934053,5.445000000000002,3.917414846327727,859.0,26.649833090815715,0.27702669437123517,0.6252064391764114,0.14,0.042,0.0,0.0,0.0,0.0,1.222280792913941,-1.6036073345891282,1.0884819627454179,-271.85637389478376,0.6037964823453781,94.87808355504708,99.1678841389824,81.80952380952381,715.2870605117193,100.0,ES
2018-07-01,2.238656643584047,-1.8747426055089278,2.238656643584047,2.502785154785858,4.294660346697743,0.9322405270257406,8.330172907071987,-0.6374327176807082,5.385,3.917414846327727,859.0,27.200610868366354,0.6649101165114302,1.0329507894250907,0.14,0.042,0.0,0.0,0.0,0.0,1.4255559630479622,-3.3958627356169018,1.2826335091924026,-270.3140231567322,0.813100680536085,95.90224460450759,98.70418598742297,81.80952380952381,724.882088425039,100.0,ES
2018-10-01,1.7451663208028378,3.2176051203915534,1.7451663208028378,2.5338405620208393,2.351338385196744,1.0686311318496955,3.6211102302983633,-0.9981052347399988,5.219999999999999,3.917414846327727,859.0,27.11722488038277,0.3675852426813453,1.0262655042825972,0.14,0.042,0.0,0.0,0.0,0.0,1.4894780345989374,-3.170530708048773,0.6720098731353226,-270.53058984053087,0.2556882862039005,96.46765137709721,99.50136568633678,81.80952380952381,724.882088425039,100.0,ES
2019-01-01,1.1241381961569985,-5.99445229376272,1.1241381961569985,3.144637714628984,3.7221148190731412,0.7965035471914739,0.027959138307531717,-2.040820777043928,5.0600000000000005,20.077652116731404,1050.0,27.022709588321074,0.33411522903097346,0.7121296838271958,0.14,0.042,0.0,0.0,0.0,0.0,1.4164100669105495,-5.567671348565227,0.052806523829401986,-268.1014480623219,-0.292271870753551,97.36950003684568,98.02134281903068,100.0,724.882088425039,100.0,ES
2019-04-01,1.0545025157888688,8.86959984203557,1.0545025157888688,3.7673343476044563,4.701223839450197,1.155603787144699,-2.4619246726578226,-3.1687589485831946,4.440000000000001,20.077652116731404,1050.0,27.11728173176771,0.4674486409519951,0.1216420098433385,0.14,0.042,0.0,0.0,0.0,0.0,1.3440285566862133,-4.065693948601563,-0.1677782771250722,-269.1435420629682,-0.28952604089734457,98.52064103727459,100.21914501683288,100.0,724.882088425039,100.0,ES
2019-07-01,0.43345013361113516,-4.358952134219862,0.43345013361113516,3.801155081554608,4.42994328249835,1.1580214243077869,-8.372763851873488,-2.932068831398915,3.9450000000000003,20.077652116731404,1050.0,27.8161786054472,0.6155677370808466,0.3331579979598027,0.14,0.042,0.0,0.0,0.0,0.0,1.1619128720711978,-5.919949544050553,-0.992105829436827,-266.9463182087886,-0.7284627384600626,99.61780743412866,99.13294797687863,100.0,748.0391993272509,100.0,ES
2019-10-01,0.4998816426916797,3.4833311567137315,0.4998816426916797,3.596245273174703,1.531699151677124,1.1145112089793408,-8.291316123378634,-2.246492835942071,3.7499999999999982,20.077652116731404,1050.0,27.643704037220473,0.5264791568377003,0.2593994211070897,0.14,0.042,0.0,0.0,0.0,0.0,1.029506626195294,-4.7799245427993355,-0.9895963919072577,-267.4342262100478,-0.5296249835036144,100.0,100.0,100.0,748.0391993272509,100.0,ES
2020-01-01,0.6877761657060333,-5.242874201705305,0.6877761657060333,2.4702811296978044,-0.781741754834453,1.152329556938625,-6.877030333663248,-0.5354484386030478,3.2849999999999984,5.376642415566035,1108.0,29.1934096473235,2.1707000590024226,1.625631206341315,0.14,0.042,0.0,0.0,0.0,0.0,0.961160534097442,-5.303322155222361,-0.7286339012045162,-266.3189430983301,-0.27338436839140867,99.80475541199468,98.69783395794956,105.52380952380952,748.0391993272509,100.0,ES
2020-04-01,-0.6103200864128411,3.677214833560072,-0.6103200864128411,-5.265760726886581,-26.242943586887346,0.8760652255283219,-11.711075650732194,8.286156028825165,1.3350000000000009,5.376642415566035,1108.0,37.47739977109493,10.360118039327215,8.679394604352643,0.14,0.042,0.0,0.0,0.0,0.0,0.6468644099953853,2.9462071420268785,-1.9543486430990544,-273.79898270344205,-1.2571844964082264,93.46700372129632,99.60935018738488,105.52380952380952,748.0391993272509,100.0,ES
2020-07-01,-0.6363716275572529,-4.463158298797509,-0.6363716275572529,1.7846805566815727,32.63170841677096,0.06732603687940042,-11.822055079245786,0.22360809492254496,0.0799999999999983,5.376642415566035,1108.0,31.059492012044455,3.2433134065972533,1.5784003848495791,0.14,0.042,0.0,0.0,0.0,0.0,0.39021720248485764,-6.385242423106035,-1.7982844996284506,-264.52526602454986,-1.0265888300421104,101.41162643187633,98.50409705901035,105.52380952380952,766.7479991084402,100.0,ES
2020-10-01,-0.7811667889991547,2.904150510946124,-0.7811667889991547,1.8797684211537824,1.9120506095659628,-0.06989008480688952,-11.284177120715944,-0.4614813975811316,0.13999999999999702,5.376642415566035,1108.0,31.311562512772305,3.667858475551833,2.040533063015982,0.14,0.042,0.0,0.0,0.0,0.0,0.15594040418805516,-5.222932680588826,-1.8106734151944488,-264.7732909998949,-0.9371071931872099,101.89754729355829,99.22187638950646,105.52380952380952,766.7479991084402,100.0,ES
2021-01-01,0.5135458712254071,-0.06402356080705829,0.5135458712254071,2.2491911656226327,0.6959492230409481,0.09677420110101309,-1.668473316982988,-0.857632597225555,0.5000000000000018,0.0,1108.0,31.96200118936887,2.7685915420453733,1.9391016678665296,0.14,0.042,0.0,0.0,0.0,0.0,0.22746149759552553,-4.604825331425786,-0.4476146628720349,-264.58329780393296,0.28608437362988154,102.07499041021671,99.2059963158229,105.52380952380952,766.7479991084402,100.0,ES
2021-04-01,2.2603928826239184,10.664602879154117,2.2603928826239184,8.922742095479364,0.4512601325395771,-0.19786127904168893,11.714923410714029,-8.314762822277588,0.27500000000000036,0.0,1108.0,32.096012325906706,-5.381387445188224,-4.775287963790081,0.18438356164383563,0.05531506849315069,0.0,0.0,0.0,0.0,0.6340477746012041,-1.2129231636285454,1.613528472628533,-267.1366334905865,1.6263451080227143,102.19021132550698,101.88655275360479,105.52380952380952,766.7479991084402,100.0,ES
2021-07-01,3.345005527998346,-0.12470771729979901,3.345005527998346,3.8144703301021377,12.198621355262063,0.6835121950651057,17.88183274955939,-2.2639082927003784,0.7550000000000008,0.0,1108.0,29.55345741593468,-1.5060345961097732,-0.13848282027513426,0.22926027397260273,0.06877808219178082,0.0,0.0,0.0,0.0,1.1762393252806325,-3.8388119786412744,2.9547883255134884,-264.055801222446,2.1687662027177135,105.35466781704783,101.85479260623771,105.52380952380952,784.1890332075377,100.0,ES
2021-10-01,5.659275769043237,12.161231475125689,5.659275769043237,4.156593093946115,3.2805416649418717,1.6140059725864297,28.241829435685872,-1.1479553910948237,1.8000000000000007,0.0,1108.0,29.600635029279793,-1.7109274834925137,-0.6491047131054382,0.27463013698630134,0.0823890410958904,0.0,0.0,0.0,0.0,2.0728466140331534,-0.8124838605868945,5.503335364855182,-266.27597367499203,3.5864291550100837,106.22227166059552,104.99904719557898,105.52380952380952,784.1890332075377,100.0,ES
2022-01-01,7.568914465268861,7.574531224095438,7.568914465268861,4.233719684629356,1.0044555857739113,2.5718340367287595,33.36574024046581,0.9393046169820618,1.9550000000000018,1.6114941392406656,1126.0,29.19621862853304,-2.7657825608358335,-2.260088952429217,0.32,0.096,0.0,0.0,0.0,0.0,3.172060184280295,1.3304108813335915,7.3414529676733356,-267.91849258457245,4.396854280988566,106.48934573556788,107.00628850917869,107.23809523809524,784.1890332075377,100.0,ES
2022-04-01,8.557122991853294,14.61743698549185,8.557122991853294,5.633191233058277,6.049146326255261,3.5090235754012156,25.071284813632655,4.27116258842104,1.9349999999999987,1.6114941392406656,1126.0,28.892574429654623,-3.2034378962520815,-2.1760253156587237,0.3643835616438356,0.10931506849315069,0.0,0.0,0.0,0.0,4.249072745794895,3.8340644123179572,7.92307521725209,-270.0605652493815,4.308050246058399,108.1120085526698,110.98901098901098,107.23809523809524,784.1890332075377,100.0,ES
2022-07-01,9.576363028680035,3.9522524300071638,9.576363028680035,3.782078521061427,4.794170507274664,4.652001563489261,24.84240124707,8.206724276911848,1.8399999999999999,5.187976497932656,1167.0,28.638469294353246,-0.9149881215814337,-0.9105148645862615,0.40926027397260273,0.12277808219178081,0.0,0.0,0.0,0.0,5.314530802371923,3.614460437701723,8.400123703399402,-269.8500857300646,4.261832226308112,109.41557334496768,112.0910881026488,111.14285714285714,818.1022280156875,100.0,ES
2022-10-01,6.286402557821802,-0.9986104083072433,6.286402557821802,4.716064238587103,7.016484535044576,4.119842073922175,-3.1039955470887115,8.57674636198742,1.4650000000000016,5.187976497932656,1167.0,28.361199173295827,-1.2394358559839669,-2.250969233608531,0.45463013698630134,0.1363890410958904,0.0,0.0,0.0,0.0,5.508905153461899,1.5837956710170715,4.2135559437886485,-267.84631199422677,0.7774974043599032,111.35178716197522,111.81159880581846,111.14285714285714,818.1022280156875,100.0,ES
2023-01-01,4.832081731632609,1.757247919338667,4.832081731632609,5.436289649019921,3.8853572275051818,4.833666062231146,-21.495095277598388,8.754676178032073,1.5999999999999996,3.5764823586919903,1167.0,29.140533340390434,-0.055685288142603984,-0.27711839654869996,0.5,0.15,0.0,0.0,0.0,0.0,5.37354046909604,0.9628431798139445,1.660021547352314,-267.314284667185,-0.5414587374634312,112.43866091002235,112.30388109000828,111.14285714285714,818.1022280156875,100.0,ES
2023-04-01,2.7434549679697717,6.2629299308404995,2.7434549679697717,4.910539314130347,3.9461449866969645,3.7853866558823945,-27.323567999179854,5.811382049530334,2.2300000000000004,3.5764823586919903,1167.0,28.89961589472415,0.007041465069529407,0.2662708321590338,0.5,0.15,0.0,0.0,0.0,0.0,4.847523368870787,1.7058428069229308,-1.5056177778251234,-267.893480903221,-2.1040684009010153,113.55339866014707,114.07609731309154,111.14285714285714,818.1022280156875,100.0,ES
2023-07-01,2.5623062723862944,3.2276576476732544,2.5623062723862944,4.908353873491178,4.78542874471799,4.107475790590787,-27.0634655400523,4.808473181255524,2.0850000000000026,7.667536765896799,1260.0,28.390538014082217,-0.24793128027102984,-0.32020498986878165,0.5,0.15,0.0,0.0,0.0,0.0,4.390479949573889,1.272381961060944,-2.7522245299856287,-267.50403812895973,-1.8281736771875945,114.92006169035656,115.00031760147368,120.0,863.8077205771192,100.0,ES
2023-10-01,3.283105511887996,1.8845865496995629,3.283105511887996,4.3977902080711395,4.974229873364422,3.4884343894248993,-13.565079457737506,3.390492299102199,2.0550000000000015,7.667536765896799,1260.0,28.739924404572157,0.3787252312763334,0.8622066614986218,0.5,0.15,0.0,0.0,0.0,0.0,4.16900506203671,0.501504032596813,-2.2257996415739028,-266.7316272980435,-0.8858995501487144,116.35808146965469,115.5434161214508,120.0,863.8077205771192,100.0,ES
2024-01-01,3.1840605855658843,1.3610682140502206,3.1840605855658843,4.633422918451613,4.827888069027075,3.1389341559298067,-6.47191405885259,0.675417151968194,2.135,12.546553182840015,1323.0,28.16112745807406,-0.9794058823163754,-1.0945788675491928,0.5,0.15,0.0,0.0,0.0,0.0,3.972016166742545,-0.34124167834431773,-2.189479883530156,-265.8649223342993,-0.7879555811766608,117.77100056931211,115.93724194880264,126.0,863.8077205771192,100.0,ES
2024-04-01,3.523147599925114,7.6192779882774175,3.523147599925114,5.011882880364116,5.459984834346976,2.8523151699173077,1.067004007724659,-0.7382803800167981,2.105000000000002,12.546553182840015,1323.0,28.635433641499535,-0.2641822532246152,-0.8557334668356971,0.5,0.15,0.0,0.0,0.0,0.0,3.882242453379059,0.3711380630443273,-1.3243757689456732,-266.404745622782,-0.3590948534539451,119.38959198618537,118.16680429397192,126.0,863.8077205771192,100.0,ES
2024-07-01,2.287967008806735,-1.713064716800261,2.287967008806735,4.690702892337129,3.500708792610041,2.7383211187974155,-6.724560107878208,-2.066454333372336,2.2600000000000016,4.879016416943216,1323.0,28.594583536594957,0.20404552251274133,0.31879463374292216,0.5,0.15,0.0,0.0,0.0,0.0,3.563387364464594,-0.9096515194087829,-2.102512940767154,-265.10130224542945,-1.2754203556578592,120.43904807395599,117.66181795083529,126.0,904.7733113192577,100.0,ES
2024-10-01,2.3230006072632925,2.024720943525793,2.3230006072632925,4.733065985376461,5.143682245521752,2.5125799520836267,-3.468454994779302,-2.583994741961826,2.604999999999997,4.879016416943216,1323.0,28.361150911977695,-0.37877349259446413,-0.12040528002623346,0.5,0.15,0.0,0.0,0.0,0.0,3.315310013024334,-1.4921913175101054,-1.8460044547734178,-264.32156191993033,-0.9923094057610413,121.9977992284443,118.25890872133648,126.0,904.7733113192577,100.0,ES
2025-01-01,2.6305567852098477,2.5912929258364414,2.6305567852098477,4.315984951410279,3.159563933162346,2.2947312556471644,1.5066778385822932,-1.9748482119359867,2.4499999999999993,4.290598929433642,1381.0,28.49116623947272,0.3300387813986616,0.2070760347908634,0.5,0.15,0.0,0.0,0.0,0.0,3.1783593674614368,-1.4067213631079198,-1.3414593815326974,-264.17949416809887,-0.5478025822515891,122.96526477569154,119.0275042876199,131.52380952380952,904.7733113192577,100.0,ES
2025-04-01,2.1405552925378046,5.659272017589245,2.1405552925378046,3.881000024870307,3.7200451281870883,2.5934699982802734,-5.978491360747995,-1.2873678032735203,2.405000000000001,4.290598929433642,1381.0,28.677896382533856,0.04246274103432146,0.24572963908098885,0.5,0.15,0.0,0.0,0.0,0.0,2.9707985524767104,-0.5499198065285782,-1.7416871608412543,-264.66430089044945,-0.8302432599389058,124.114189896661,120.72349615702217,131.52380952380952,904.7733113192577,100.0,ES
2025-07-01,2.7738149732214445,0.8199740059342986,2.7738149732214445,4.041419097591614,4.14238508349527,2.6100613531130357,-0.01689990626241311,-1.3301103607741727,2.205000000000002,4.290598929433642,1381.0,28.797546656269446,0.20296311967448744,-0.0622516257886962,0.5,0.15,0.0,0.0,0.0,0.0,2.9314018366256573,-1.1984480307911554,-0.7895723912431496,-263.83369812105923,-0.1575868634042128,125.40619022567184,120.97122530648541,131.52380952380952,944.6781402088375,100.0,ES
2025-10-01,3.0808280431071644,3.2527732230686723,3.0808280431071644,4.776334924937231,8.08334555490422,2.907715921204357,-0.20578812284672843,-1.803965390258,2.205,4.290598929433642,1381.0,28.755188094861715,0.3940371828840217,0.2110991327781032,0.5,0.15,0.0,0.0,0.0,0.0,2.9612870779219587,-2.0973664426620076,-0.2344819699171694,-262.6260550381004,0.11954096518520574,127.9662240781011,121.95896588960173,131.52380952380952,944.6781402088375,100.0,ES
2026-01-01,,,,4.50637107227525,2.079708522514423,,,,1.8399999999999999,3.136393929345882,1425.0,28.777523019252467,0.28635677977974505,0.007827949313015115,0.5,0.15,0.0,0.0,0.0,0.0,2.9851952709589997,,,,,128.63328781510276,121.95896588960173,135.71428571428572,944.6781402088375,100.0,ES
2026-04-01,,,,4.846106203512601,5.078985653136492,,,,1.6700000000000017,3.136393929345882,1425.0,,,,0.5,0.15,0.0,0.0,0.0,0.0,3.0043218253886326,,,,,130.27701789104546,121.95896588960173,135.71428571428572,944.6781402088375,100.0,ES
